claim_id	status	claim	location	source_ids	support_quality	checked_date	notes
C-0001	supported	The promoted master outline contains exactly 24 planned main chapters.	manuscript/00-master-outline.md	S-0002;S-0003;S-0004;S-0005;S-0006;S-0007;S-0008;S-0009;S-0010	structural	2026-05-24	Verified by chapter heading count during pass I-0001; sources support the historical spine, not every future chapter claim.
C-0002	supported	The Transformer chapter is anchored on the 2017 paper "Attention Is All You Need."	manuscript/00-master-outline.md	S-0002	primary	2026-05-24	Specific factual claims must be rechecked against the paper during chapter drafting.
C-0003	supported	The ChatGPT chapter is anchored on OpenAI's ChatGPT launch material and later GPT sources.	manuscript/00-master-outline.md	S-0004;S-0005;S-0006	primary	2026-05-24	Outline-level support only; adoption and chronology claims need separate evidence.
C-0004	supported	The Claude Code/coding-agents chapter is anchored on Anthropic Claude 4/Claude Code materials.	manuscript/00-master-outline.md	S-0007	primary	2026-05-24	Benchmark numbers and product capabilities must be checked before prose drafting.
C-0005	supported	The NVIDIA/GTC 2026 chapter must distinguish announced roadmaps from shipped facts.	manuscript/00-master-outline.md	S-0001;S-0010	primary	2026-05-24	Use page-level provenance from local PDF before extracting visuals or claims.
C-0006	supported	The first book-wide source map adds source clusters for every major part of the 24-chapter outline.	manuscript/00-source-map.md	S-0011;S-0014;S-0017;S-0019;S-0022;S-0027;S-0029;S-0035;S-0039;S-0042	structural	2026-05-24	Verified by source-map sections keyed to OpenAI, origins, alignment/agents, frontier labs, benchmarks, compute, data, reasoning, and economics.
C-0007	needs-verification	Qwen 3.5, Qwen 3.6, and DeepSeek V4-era systems are named in GOAL.md but require cutoff-bounded primary support before being written as happened releases.	manuscript/00-source-map.md	S-0027;S-0028;S-0029	weak	2026-05-24	Source map explicitly marks these as support pending rather than asserting release history.
C-0008	supported	ChatGPT was introduced by OpenAI on November 30, 2022 as a conversational sibling model to InstructGPT.	manuscript/07-chatgpt-interface-event.md	S-0006;S-0014	primary	2026-05-24	Used as the opening factual anchor; future pass should snapshot page before direct quotation.
C-0009	supported	ChatGPT's product evolution included plugins, custom GPTs, GPT-4o, and Microsoft/OpenAI platform expansion before the cutoff.	manuscript/07-chatgpt-interface-event.md	S-0044;S-0045;S-0046;S-0047	primary	2026-05-24	Chapter uses these as chronology anchors without unsupported adoption figures.
C-0010	needs-verification	ChatGPT's adoption and early public reception require exact primary or clearly attributable secondary sources before quantitative claims are added.	manuscript/07-chatgpt-interface-event.md	S-0006;S-0092;S-0098;S-0102	mixed	2026-05-25	I-0082 added one attributed adoption paragraph with metric firewalls for Altman's undefined one-million-users milestone and Reuters/UBS/Similarweb monthly-active-user and daily-unique-visitor estimates; the blocker remains active for public reception, fastest-growing-app superlatives, OpenAI-confirmed adoption, paid users, revenue, named customers, and productivity claims.
C-0011	supported	Anthropic introduced Claude Code as a command-line tool for agentic coding alongside Claude 3.7 Sonnet in February 2025.	manuscript/20-claude-code-industrialized-pair-programming.md	S-0048	primary	2026-05-24	Used as chapter opening anchor; snapshot before direct quotation.
C-0012	supported	Claude Code chapter frames coding agents as repository-work systems involving context selection, tool permissions, file edits, command execution, and test feedback.	manuscript/20-claude-code-industrialized-pair-programming.md	S-0022;S-0049;S-0050;S-0051	structural	2026-05-24	Chapter-level synthesis based on Anthropic docs; exact product behavior needs source snapshots before quoted claims.
C-0013	needs-verification	Claude 4 benchmark numbers for SWE-bench Verified and Terminal-bench need exact harness/source checking before charting or comparative superiority claims.	manuscript/20-claude-code-industrialized-pair-programming.md	S-0007;S-0035;S-0037	weak	2026-05-24	Chapter intentionally avoids promoting exact numeric comparisons.
C-0014	supported	The first visual grammar defines recurring figure families for chronology rails, system stack diagrams, family trees/landscapes, tradeoff curves, and evidence/caveat panels.	manuscript/00-visual-grammar.md	A-0001;A-0002;A-0003	structural	2026-05-24	Verified by visual grammar sections and three manifest-tracked SVG prototypes.
C-0015	supported	The visual allocation target is 84 charts/diagrams and 54 photos/screenshots/photo slots, within GOAL.md hard ranges.	manuscript/00-visual-grammar.md	A-0001;A-0002;A-0003	structural	2026-05-24	84 is within 80-100 charts/diagrams; 54 is within 50-60 photo/screenshot/photo slots.
C-0016	supported	The model-rankings appendix defines a source registry and provisional matrix for leaderboard, provider pricing, context-window, and benchmark caveat data.	manuscript/13-model-rankings-appendix.md	S-0036;S-0056;S-0058;S-0061	structural	2026-05-24	Verified by data/model_rankings_sources.tsv and data/model_rankings_matrix.tsv.
C-0017	supported	Exact LMArena leaderboard ranks require local screenshot or HTML capture before final charting or prose claims.	manuscript/13-model-rankings-appendix.md	S-0056;S-0057;S-0080;SNAP-20260524-001;SNAP-20260525-008	primary local snapshot with caveat	2026-05-25	Resolved as a capture-gap row by pass I-0019 and sharpened by I-0029: polluted live HTML remains audit evidence, while SNAP-20260525-008 supplies clean historical dataset rows for May 19 text_style_control overall chart candidates.
C-0018	supported	Provider price-quality comparisons require same-date or clearly labeled source captures for both rank and price rows.	manuscript/13-model-rankings-appendix.md	S-0058;S-0060;S-0061;S-0062;S-0063;S-0072	primary local snapshots with caveat	2026-05-25	Resolved as a capture-gap row by pass I-0019: captured or clearly labeled alternate official snapshots exist; exact price-quality charts remain blocked under C-0046 until rows are normalized and cutoff status is caveated.
C-0019	supported	The local GTC 2026 keynote PDF has 76 pages and SHA-256 hash CC3674320B2763748DB4033B42B1A19A0134AB0F60A15BB6A6EFDFC6963D369F.	data/gtc_2026_keynote_metadata.tsv	S-0001	primary	2026-05-24	Verified from local file metadata and hash during pass I-0007.
C-0020	supported	The GTC 2026 source pack records page-level notes and fact-status labels for high-value NVIDIA keynote pages.	data/gtc_2026_keynote_page_notes.tsv	S-0001	structural	2026-05-24	Page notes cover selected pages 10-68 with labels including announced, roadmap, performance_claim, partner_claim, and exclude_or_context_only.
C-0021	needs-verification	NVIDIA GTC performance, cost, throughput, revenue, and benchmark claims must remain labeled as NVIDIA claims until independently triangulated.	manuscript/15-gtc-2026-source-pack.md	S-0001;S-0010;S-0064	strong caveat	2026-05-24	Source pack explicitly distinguishes performance_claim from happened fact.
C-0022	supported	Planned GTC slide visual slots A-0004 through A-0009 record page-level provenance without committing raster slide images.	assets_manifest.tsv	S-0001;A-0004;A-0005;A-0006;A-0007;A-0008;A-0009	structural	2026-05-24	Manifest rows are planned private-use extraction slots with page numbers and story purpose.
C-0023	supported	The current title "Next Token" remains the champion after testing five alternate title/subtitle packages against the book rubric.	manuscript/00-title-positioning.md		internal	2026-05-24	Supported by data/title_candidates.tsv weighted scoring; this is an editorial judgment, not an external factual claim.
C-0024	supported	"The Language Machine" is the best preserved alternate title for future reader testing.	manuscript/00-title-positioning.md		internal	2026-05-24	Ranked second in data/title_candidates.tsv and preserved as a legible general-audience fallback.
C-0025	supported	The source snapshot protocol requires mutable model cards, docs, pricing pages, leaderboards, benchmark dashboards, repositories, and local PDFs to carry source IDs, access dates, local paths or archive notes, quote limits, allowed uses, and caveats before exact claims or chart rows are promoted.	manuscript/00-source-snapshot-protocol.md	S-0056;S-0058;S-0060;S-0061;S-0062;S-0063	structural	2026-05-24	Verified by protocol sections Scope, Required Metadata, Quote Limits, and Ledger Updates; data/source_snapshot_protocol.tsv seeds planned rows.
C-0026	supported	The source snapshot protocol sets a default public-web direct-quote limit of 25 words per source and prefers paraphrase or normalized data rows for pricing, ranking, and model-card evidence.	manuscript/00-source-snapshot-protocol.md	S-0056;S-0058;S-0060;S-0061;S-0062;S-0063	structural	2026-05-24	Rule is a project evidence-control policy, not an external factual claim.
C-0027	supported	The Chapter 5 draft frames GPT-1, GPT-2, and GPT-3 as a sequence from generative pretraining to unsupervised multitask behavior to few-shot prompting and API distribution.	manuscript/05-gpt-1-to-gpt-3-door-opens.md	S-0011;S-0012;S-0013;S-0004;S-0069	structural	2026-05-24	Chapter synthesis based on primary OpenAI papers/posts; exact quotations and usage figures still require snapshots.
C-0028	supported	The Chapter 5 draft uses Codex and GitHub Copilot as the bridge from language modeling to code as an executable LLM interface.	manuscript/05-gpt-1-to-gpt-3-door-opens.md	S-0052;S-0070	structural	2026-05-24	Supported by Codex paper and GitHub Copilot announcement; avoids productivity or adoption claims.
C-0029	needs-verification	OpenAI-reported GPT-3 API ecosystem counts and GitHub Copilot adoption/productivity claims require source snapshots and triangulation before final prose or charts.	manuscript/05-gpt-1-to-gpt-3-door-opens.md	S-0071;S-0070	strong caveat	2026-05-24	Chapter mentions direction but blocks exact adoption/productivity figures until capture and secondary checks.
C-0030	supported	Pass I-0011 captured local HTML snapshots for LMArena, Anthropic Claude API pricing, Gemini Developer API pricing, xAI models/pricing docs, and Mistral model docs.	data/source_snapshots/2026-05-24/capture_summary.md	S-0056;S-0060;S-0061;S-0062;S-0063	primary local snapshot	2026-05-24	Verified by data/source_snapshots/2026-05-24/capture_results.tsv and SHA256 rows in data/source_snapshot_protocol.tsv.
C-0031	supported	OpenAI API pricing no longer lacks a local official capture: pass I-0016 captured alternate official developer-docs pricing HTML after the original pricing page remained HTTP 403 to shell capture.	data/source_snapshots/2026-05-25/capture_summary.md	S-0058;S-0072	primary official alternate snapshot with caveat	2026-05-25	SNAP-20260525-001 resolves the local-capture gap, but exact OpenAI price rows remain blocked under C-0018 until cutoff-status caveats and row normalization are complete.
C-0032	supported	Pass I-0012 rendered local private-use PNGs for GTC 2026 keynote pages 29, 45, 46, 49, 50, and 51 and recorded hashes, dimensions, sizes, and source-PDF hash in a lightweight ledger.	data/gtc_2026_rendered_pages.tsv	S-0001;A-0004;A-0005;A-0006;A-0007;A-0008;A-0009	primary local render	2026-05-24	PNGs are intentionally ignored by Git under heavyweight media policy; render ledger records 5760x3240 dimensions and SHA256 hashes.
C-0033	supported	GTC rendered slide claims remain NVIDIA keynote claims until exact slide wording is verified and relevant performance, roadmap, partner, or availability statements are triangulated.	manuscript/15-gtc-2026-source-pack.md	S-0001;S-0064;S-0065;S-0066;S-0067;A-0004;A-0005;A-0006;A-0007;A-0008;A-0009	primary local PDF text extraction with caveat	2026-05-25	Resolved as an exact-slide-wording gap by pass I-0019: captions and caveats exist in data/gtc_2026_slide_captions.tsv; independent factual use remains blocked under C-0047.
C-0034	supported	The title reader-test protocol should run only after at least six full chapter drafts exist and should test title/subtitle packages against audience segments, blind/randomized order, post-excerpt truth, recall, and misdirection risk.	manuscript/00-title-reader-test-protocol.md		internal structural	2026-05-24	Protocol is a project method, supported by data/title_reader_test_segments.tsv and data/title_reader_test_instrument.tsv.
C-0035	supported	The title reader-test protocol preserves Next Token as champion unless a challenger clears a weighted-score, post-excerpt truth, technical-reader, and hype-risk promotion gate.	manuscript/00-title-reader-test-protocol.md		internal structural	2026-05-24	Protocol prevents changing the title based on taste or anxiety before reader evidence exists.
C-0036	supported	The claim-coverage dashboard reports 35 claim rows, 26 supported rows, and 9 needs-verification rows for the pass I-0014 baseline.	manuscript/00-claim-coverage-dashboard.md		internal structural	2026-05-24	Generated from claims.tsv into data/claim_coverage_dashboard.tsv; it is a project-control metric, not an external-history claim.
C-0037	supported	The chapter source-density dashboard identifies Chapter 7 as slightly sparse at 253.6 words per source while Chapter 5 and Chapter 20 are within the target source-density band.	manuscript/00-claim-coverage-dashboard.md		internal structural	2026-05-24	Generated from manuscript files and claim/source references into data/chapter_source_density.tsv.
C-0038	supported	The Chapter 5 GPT lineage visual table covers GPT-1, GPT-2, GPT-3, OpenAI API, Codex, and GitHub Copilot with year, mechanism, interface shift, source IDs, and caveats.	assets/visual_system/gpt-lineage-table.svg	S-0011;S-0012;S-0013;S-0004;S-0069;S-0052;S-0070	primary/source-table synthesis	2026-05-24	Companion rows live in data/gpt_lineage_visual_table.tsv; the visual avoids exact adoption, pricing, productivity, legal, or benchmark claims.
C-0039	supported	The Chapter 5 visual frames the GPT lineage as an interface progression from pretraining to prompted task specification to API infrastructure to executable code and cursor-level assistance.	manuscript/05-gpt-1-to-gpt-3-door-opens.md	S-0011;S-0012;S-0013;S-0004;S-0069;S-0052;S-0070	structural synthesis	2026-05-24	This is a chapter-level synthesis supported by primary rows; caveats remain visible for downstream quantitative or institutional claims.
C-0040	supported	Pass I-0016 records that the original OpenAI pricing page still returned HTTP 403 to shell capture while the alternate official developer-docs pricing page returned HTTP 200 and was saved locally.	data/source_snapshots/2026-05-25/capture_results.tsv	S-0058;S-0072	primary official alternate snapshot with caveat	2026-05-25	Browser screenshot tooling was unavailable in this session; the captured official docs HTML is commit-safe and hash-recorded.
C-0041	supported	Pass I-0017 created final working captions and caveat notes for GTC 2026 rendered slide assets A-0004 through A-0009 after extracting exact text from local PDF pages 29, 45, 46, 49, 50, and 51.	data/gtc_2026_slide_captions.tsv	S-0001;A-0004;A-0005;A-0006;A-0007;A-0008;A-0009	primary local PDF text extraction with strong caveat	2026-05-25	Captions improve layout readiness but keep NVIDIA roadmap, availability, performance, partner, reference-design, throughput, and adoption claims attributed or blocked until corroborated.
C-0042	supported	The Chapter 6 draft frames alignment as the product mechanism that converts raw continuation into instruction-following assistant behavior through supervised demonstrations, preference comparisons, reward modeling, RLHF, behavior specifications, red teaming, and evaluation loops.	manuscript/06-alignment-enters-product.md	S-0014;S-0074;S-0075;S-0076	structural synthesis	2026-05-25	Chapter avoids treating alignment as solved and keeps safety tied to product behavior rather than regulation.
C-0043	supported	The Chapter 6 draft distinguishes Anthropic's Constitutional AI/RLAIF approach from OpenAI's InstructGPT/RLHF product framing without claiming either method solves alignment.	manuscript/06-alignment-enters-product.md	S-0019;S-0014	structural synthesis	2026-05-25	Chapter presents both as assistant-behavior shaping methods and flags principle selection, preference data, and evaluation as unresolved issues.
C-0044	needs-verification	Chapter 6 source pages and system cards need local snapshots before direct quotation, detailed labeler-process claims, red-team examples, or exact model-policy wording are promoted into final prose.	manuscript/06-alignment-enters-product.md	S-0074;S-0075;S-0076;S-0077	strong caveat	2026-05-25	I-0038 captured S-0074 through SNAP-20260525-016 and made short instruction-following product-post quotes available in the quote table; C-0044 remains active for final red-team examples, longer system-card passages, and exact model-policy wording that still need context-specific quote extraction.
C-0045	supported	LMArena leaderboard chart rows require cutoff-bounded normalized rows with model names, category/filter, rank/order, snapshot id, access date, and methodology caveats before exact ranks or leaderboard positions are promoted.	data/lmarena_clean_cutoff_rows_i0029.tsv	S-0056;S-0057;S-0080;SNAP-20260525-008	primary historical dataset with strong caveat	2026-05-25	I-0029 resolves the clean-row blocker with 100 official text_style_control overall rows published 2026-05-19; final charts must label that date/config/category and must not use polluted SNAP-20260524-001 rows or claim live May 24 ranks.
C-0046	needs-verification	Provider price-quality charts require normalized provider price rows and same-scope rank joins before any exact price-quality frontier is promoted.	data/price_quality_join_audit_i0036.tsv	S-0060;S-0061;S-0062;S-0072;S-0080;S-0081;S-0082;SNAP-20260525-008	strong caveat	2026-05-25	I-0036 creates the same-scope join audit and separates candidate rows from exclusions, but final chart data still needs broader same-scope coverage, Mistral cutoff-price corroboration, OpenAI standard inference rows, and captions that preserve cache, tier, batch, reasoning, deprecated, and fine-tuning exclusions.
C-0047	needs-verification	GTC slide-derived quantitative, partner, roadmap, availability, and deployment claims remain attributed NVIDIA claims until each extracted claim is corroborated or explicitly labeled in prose and charts.	data/high_risk_claim_audit_i0019.tsv	S-0001;S-0010;S-0064;S-0065;S-0066;S-0067;A-0005;A-0006;A-0007;A-0008;A-0009	strong caveat	2026-05-25	Slide wording/captions are verified, but exact ratios, availability timing, partner lists, roadmap items, deployment language, and performance claims are not independent facts.
C-0048	supported	Pass I-0020 tightened Chapter 7 source density by adding official ChatGPT Plus and ChatGPT Enterprise product-evolution sources without promoting OpenAI-reported adoption or customer productivity figures.	manuscript/07-chatgpt-interface-event.md	S-0078;S-0079	primary product sources with caveat	2026-05-25	Chapter now uses these sources for productization structure: subscription reliability/features and enterprise administration/security, while exact reception/adoption claims remain blocked under C-0010.
C-0049	supported	Pass I-0021 normalized visible OpenAI pricing rows from SNAP-20260525-001 with row-level cutoff caveats and explicit exclusions for obvious post-cutoff model names.	data/openai_pricing_rows_i0021.tsv	S-0072	primary official alternate snapshot with caveat	2026-05-25	The table is a normalization/filtering artifact, not final May 24 price truth; exact price-quality charts remain blocked under C-0046 until cutoff-day corroboration and same-scope rank joins exist.
C-0050	supported	Pass I-0022 drafted the Chapter 15 opening around NVIDIA's GTC 2026 AI factory thesis while explicitly preserving roadmap, performance, availability, partner, and deployment caveats.	manuscript/15-gtc-2026-ai-factory-sells-itself.md	S-0001;S-0010;S-0039;S-0040;S-0064;S-0065;S-0066;S-0067	primary sources with strong caveat	2026-05-25	The draft treats the GTC keynote as NVIDIA's public stage argument, not independent proof; C-0021 and C-0047 remain active blockers for quantitative and deployment claims.
C-0051	supported	Pass I-0023 created a source-bearing Chapter 6 RLHF/alignment pipeline visual that shows assistant behavior as a layered product stack rather than solved alignment.	assets/visual_system/rlhf-alignment-pipeline.svg	S-0004;S-0005;S-0006;S-0014;S-0019;S-0074;S-0075;S-0076;S-0077	primary/source-table synthesis	2026-05-25	Companion rows live in data/rlhf_alignment_pipeline_i0023.tsv; exact quotations, labeler-process details, red-team examples, and policy wording remain snapshot-gated under C-0044.
C-0052	supported	Pass I-0024 normalized a conservative subset of LMArena visible-order rows from SNAP-20260524-001 while documenting post-cutoff-looking model-name contamination in the captured HTML.	data/lmarena_leaderboard_rows_i0024.tsv	S-0056;S-0057;S-0080	primary local snapshot with strong caveat	2026-05-25	The I-0024 table remains an audit/filtering artifact, not final cutoff-day rank truth; I-0029 adds a cleaner official historical dataset alternate for May 19 text_style_control overall rows under C-0045/C-0057.
C-0053	supported	Pass I-0025 recorded local HTTP 403 capture notes for the official ChatGPT Plus and ChatGPT Enterprise pages and preserved their use as structural product-evolution sources only.	data/source_snapshots/2026-05-25/chatgpt_product_pages_i0025_notes.md	S-0078;S-0079	official pages browser-verified with local blocked-capture notes	2026-05-25	Shell HTML capture failed for both pages; direct quotes, exact Plus pricing, Enterprise adoption percentages, customer productivity claims, and detailed availability language remain blocked under C-0010 until local HTML/screenshot capture or another auditable cutoff source exists.
C-0054	supported	Pass I-0026 normalized candidate Claude, Gemini, and xAI provider pricing rows from local cutoff-day snapshots while recording that Mistral still lacked a paired pricing source at that time.	data/provider_pricing_rows_i0026.tsv	S-0060;S-0061;S-0062;S-0063;S-0081;S-0082	primary local snapshot rows with strong caveat	2026-05-25	I-0031 adds the missing Mistral official pricing pair and normalized rows; exact price-quality charts still remain blocked until same-scope rank joins, provider-specific billing semantics, batch/cache separation, and cutoff-status checks are resolved.
C-0055	supported	Pass I-0027 created a Chapter 15 AI factory stack diagram that separates NVIDIA's GTC framing from independently explainable infrastructure layers.	assets/visual_system/ai-factory-stack.svg	S-0001;S-0010;S-0039;S-0040;S-0064;S-0065;S-0066;S-0067	primary/source-table synthesis with strong caveat	2026-05-25	Companion rows live in data/ai_factory_stack_i0027.tsv; the figure explains model serving, accelerators, networking, data movement, facilities, and token economics while preserving C-0021/C-0047 blockers for exact performance, revenue, partner, roadmap, availability, or deployment claims.
C-0056	supported	Pass I-0028 captured local official OpenAI artifacts for the Model Spec, GPT-4 System Card, and GPT-4o System Card, while recording the instruction-following product post as shell-blocked.	data/source_snapshots/2026-05-25/alignment_source_snapshots_i0028_notes.md	S-0074;S-0075;S-0076;S-0077	primary local snapshots with blocked-source caveat	2026-05-25	SNAP-20260525-005 is committed HTML; SNAP-20260525-006 and SNAP-20260525-007 are local ignored PDFs with committed hashes; SNAP-20260525-004 records HTTP 403 for S-0074, so C-0044 stays open for exact instruction-following quotations and detailed labeler-process wording.
C-0057	supported	Pass I-0029 captured and normalized an official LMArena/Arena historical text-style-control leaderboard dataset snapshot with 100 overall rows published before the cutoff.	data/lmarena_clean_cutoff_i0029_notes.md	S-0080;SNAP-20260525-008	primary historical dataset with caveat	2026-05-25	Normalized rows live in data/lmarena_clean_cutoff_rows_i0029.tsv; this supports May 19 historical leaderboard chart candidates while preserving category, config, publish-date, and non-live-screenshot caveats.
C-0058	supported	Pass I-0031 paired Mistral model documentation with official Mistral pricing captures and normalized candidate Mistral API price rows.	data/mistral_pricing_rows_i0031.tsv	S-0063;S-0081;S-0082	primary official pricing capture with post-cutoff caveat	2026-05-25	Normalized rows live in data/mistral_pricing_rows_i0031.tsv; this removes the missing-Mistral-pricing-source blocker but does not close C-0046 because model cutoff status and same-scope price-rank joins remain unresolved.
C-0059	supported	Pass I-0032 created a Chapter 16 datacenter power and cooling source pack with independent grid, demand, facility, and cooling evidence before prose drafting.	manuscript/16-datacenters-power-cooling-source-pack.md	S-0083;S-0084;S-0085;S-0086;S-0087;S-0088	primary-heavy source pack with scenario caveats	2026-05-25	Companion rows live in data/datacenter_power_cooling_sources_i0032.tsv; the pack supports Chapter 16 drafting but does not close C-0021 or C-0047 because NVIDIA-specific AI-factory performance, partner, roadmap, availability, and deployment claims still need independent triangulation.
C-0060	supported	Pass I-0033 extracted a quote-safe Chapter 6 alignment table from captured OpenAI Model Spec, GPT-4 System Card, and GPT-4o System Card artifacts while preserving S-0074 as paraphrase-only.	data/alignment_quote_safe_table_i0033.tsv	S-0074;S-0075;S-0076;S-0077	primary local snapshot extraction with blocked-source caveat	2026-05-25	The table narrows C-0044 by permitting short, reviewed phrases from captured artifacts, but C-0044 remains open because exact instruction-following product-post quotations, labeler-process detail, and API-default wording are still blocked by S-0074's HTTP 403 capture note.
C-0061	supported	Pass I-0034 created a sourced LMArena historical leaderboard chart package from clean May 19 text_style_control overall rows.	assets/visual_system/lmarena-may19-text-style-control-top12.svg	S-0080;SNAP-20260525-008	primary historical dataset chart with caveat	2026-05-25	Chart rows live in data/lmarena_may19_chart_i0034.tsv; the figure is labeled as an official historical dataset slice published 2026-05-19, not a live May 24 leaderboard, model-release proof, provider-price comparison, or task-specific superiority claim.
C-0062	supported	Pass I-0035 found browser-independent text-render capture paths for ChatGPT Plus and official ChatGPT release-note evidence for ChatGPT Enterprise.	data/chatgpt_product_alternate_captures_i0035.tsv	S-0078;S-0089;S-0090;SNAP-20260525-013;SNAP-20260525-014;SNAP-20260525-015	official primary/official alternate text-render snapshots with caveat	2026-05-25	Chapter 7 may now use quote-safe structural facts for Plus launch/pricing/benefits and Enterprise launch/feature-list wording with caveats; C-0010 still blocks adoption, public-reception, customer-productivity, and original Enterprise product-post quotation claims.
C-0063	supported	Pass I-0036 joined clean LMArena May 19 rank rows to normalized provider pricing rows in an audit table that records candidate rows and explicit exclusions before any price-quality chart.	data/price_quality_join_audit_i0036.tsv	S-0060;S-0061;S-0062;S-0072;S-0080;S-0081;S-0082;SNAP-20260525-008	primary/local snapshot synthesis with strong caveat	2026-05-25	The audit identifies six limited candidate rows and excludes fine-tuning, missing-price, batch/tier, code-only, reasoning-only, deprecated, and model-version mismatch rows; C-0046 remains active because a final frontier chart would still overstate coverage.
C-0064	supported	Pass I-0037 drafted the Chapter 16 opening around "speed to power" using independent datacenter power, grid, facility, interconnection, and cooling evidence while preserving scenario and rhetoric caveats.	manuscript/16-speed-to-power.md	S-0001;S-0083;S-0084;S-0085;S-0086;S-0087;S-0088	primary-heavy prose synthesis with scenario caveats	2026-05-25	The opening treats NVIDIA's AI-factory language as company framing, keeps IEA/LBNL/DOE/EPRI/DOE-SEAB forecasts attributed, separates clean procurement from physical electricity supply, and does not close C-0021 or C-0047.
C-0065	supported	Pass I-0038 captured OpenAI's instruction-following product post through a browser-independent text-render snapshot and updated the Chapter 6 quote-safe table.	data/alignment_quote_safe_table_i0033.tsv	S-0074;SNAP-20260525-016	official text-render snapshot with caveat	2026-05-25	S-0074 is no longer paraphrase-only for short product-post quotations about user intentions, GPT-3 task-safety contrast, labeler demonstrations/rankings, API default deployment, alignment tax, and limitations; C-0044 remains active for longer system-card/red-team/model-policy quote extraction.
C-0066	supported	Pass I-0039 created a sourced leaderboard-methodology figure that explains how Arena-style votes become filtered, date-labeled rank rows with uncertainty and chart-use gates.	assets/visual_system/leaderboard-methodology-flow.svg	S-0036;S-0056;S-0057;S-0080;SNAP-20260525-008	primary/source-table visual synthesis	2026-05-25	Companion rows live in data/leaderboard_methodology_i0039.tsv; the figure supports ranking literacy but does not authorize live May 24 ranks, release-status claims, price-quality comparisons, or task-specific superiority claims.
C-0067	supported	Pass I-0040 created a Chapter 7 quote-safe productization table separating ChatGPT Plus and Enterprise launch, price, feature, availability, adoption, and customer-productivity fields.	data/chatgpt_productization_quote_table_i0040.tsv	S-0078;S-0079;S-0089;S-0090;SNAP-20260525-013;SNAP-20260525-014;SNAP-20260525-015	official/official-alternate extraction table with blocked-field caveats	2026-05-25	The table permits Plus launch/price/benefit and Enterprise release-note feature wording while keeping C-0010 active for adoption, public reception, customer productivity, named-customer claims, and original Enterprise product-post quotations.
C-0068	supported	Pass I-0041 audited Chapter 7 prose against the ChatGPT productization quote table and replaced broad product-page caveats with source-specific permission language.	manuscript/07-chatgpt-interface-event.md	S-0078;S-0079;S-0089;S-0090;SNAP-20260525-013;SNAP-20260525-014;SNAP-20260525-015	manuscript claim audit with quote-table support	2026-05-25	Chapter 7 now uses S-0078 for Plus launch/price/benefit wording, S-0089 for Enterprise release-note feature wording, and explicitly keeps S-0079 blocked for original Enterprise quotations, adoption, named-customer, and productivity claims under C-0010.
C-0069	supported	Pass I-0042 created a sourced Chapter 16 power-to-token flow visual that traces electricity, interconnection, facility cooling, accelerators, inference scheduling, and token output with caveat bands.	assets/visual_system/power-to-token-flow.svg	S-0001;S-0039;S-0040;S-0066;S-0083;S-0084;S-0085;S-0086;S-0087;S-0088	primary/source-table visual synthesis with scenario and company-framing caveats	2026-05-25	Companion rows live in data/power_to_token_flow_i0042.tsv; the figure supports Chapter 16 mechanism clarity but does not authorize quantified energy-per-token estimates, detailed cooling-engineering claims, or NVIDIA performance/roadmap/deployment claims blocked by C-0021/C-0047.
C-0070	supported	Pass I-0043 audited Chapter 16 quantitative and scenario language into row-level permissions for TWh, MW, percentages, lead times, PUE, rack density, NVIDIA/GTC claims, and energy-per-token exclusions.	data/chapter16_quant_claim_audit_i0043.tsv	S-0001;S-0039;S-0040;S-0066;S-0083;S-0084;S-0085;S-0086;S-0087;S-0088	claim audit table with scenario/advisory/operator/exclusion caveats	2026-05-25	The table supports current Chapter 16 quantitative prose while keeping C-0021/C-0047 active for NVIDIA claims and blocking any energy-per-token estimate until a separate source pack exists.
C-0071	supported	Pass I-0044 created a Chapter 13 caption-and-use note pairing the Arena methodology figure before the historical LMArena top-row chart and defining prohibited interpretations.	manuscript/13-leaderboard-caption-use-note.md	A-0013;A-0014;S-0036;S-0056;S-0057;S-0080;SNAP-20260525-008	layout/readiness claim audit with rank-use caveats	2026-05-25	The note requires A-0014 before A-0013 and allows only a narrow historical dataset-slice claim; it forbids live May 24 ranks, model-release status, provider price-quality comparisons, task-specific superiority, and generic "best model" prose.
C-0072	supported	Pass I-0045 created a reusable Chapter 13 source table for leaderboard methodology terms including vote, prompt sample, rating, confidence interval, category filter, snapshot, publication date, and release-status caveat.	data/leaderboard_methodology_terms_i0045.tsv	S-0036;S-0056;S-0057;S-0080;SNAP-20260525-008	methodology glossary/source table with prohibited-inference fields	2026-05-25	The table supports consistent caption and prose wording for historical Arena dataset slices while preserving C-0046 and blocking live-rank, release-status, price-quality, task-superiority, safety, latency, enterprise-usefulness, and generic best-model claims.
C-0073	supported	Pass I-0046 created a sourced Chapter 7 interface-to-business timeline visual placing ChatGPT launch, Plus, plugins, Enterprise release-note entry, GPTs, and GPT-4o on one chronology rail with a blocked adoption/productivity lane.	assets/visual_system/chatgpt-interface-business-timeline.svg	S-0006;S-0014;S-0044;S-0045;S-0046;S-0077;S-0078;S-0079;S-0089;S-0090;SNAP-20260525-013;SNAP-20260525-014;SNAP-20260525-015	source-table visual synthesis with blocked-lane caveats	2026-05-25	Companion rows live in data/chatgpt_interface_business_timeline_i0046.tsv; the figure supports chronology and product-surface interpretation only, while C-0010 still blocks adoption, public reception, named-customer, revenue, customer-productivity, and original Enterprise product-post quotation claims.
C-0074	supported	Pass I-0048 merged the Chapter 16 quantitative audit back into the speed-to-power prose as compact CH16Q row cues beside exact TWh, MW, percentage, lead-time, PUE, rack-density, NVIDIA/GTC, and energy-per-token-exclusion language.	manuscript/16-speed-to-power.md	S-0001;S-0083;S-0084;S-0085;S-0086;S-0087;S-0088;CH16Q-001;CH16Q-002;CH16Q-003;CH16Q-004;CH16Q-005;CH16Q-006;CH16Q-007;CH16Q-008;CH16Q-009;CH16Q-010;CH16Q-011;CH16Q-012;CH16Q-013;CH16Q-014;CH16Q-015;CH16Q-016;CH16Q-017;CH16Q-018	prose claim-audit merge with row-level source cues	2026-05-25	The prose now carries row-specific permission cues from data/chapter16_quant_claim_audit_i0043.tsv while keeping C-0021/C-0047 active for NVIDIA claims and blocking quantified energy-per-token claims.
C-0075	supported	Pass I-0049 created a Chapter 13 methodology glossary supplement that defines vote, config, split, category, rating, confidence interval, publication date, snapshot, and permission gate for leaderboard captions and prose.	data/leaderboard_methodology_glossary_i0049.tsv	S-0036;S-0056;S-0057;S-0080;SNAP-20260525-008;C-0046	methodology glossary supplement with permission-gate caveats	2026-05-25	The supplement extends I-0045 by adding explicit config, split, category, and permission-gate definitions while preserving C-0046 and blocking live-rank, release-status, price-quality, task-superiority, safety, latency, enterprise-usefulness, and generic best-model claims.
C-0076	supported	Pass I-0050 created a Chapter 13 rank-row footnote microstyle guide that standardizes historical-slice, confidence-overlap, non-live-rank, release-status, price-quality, task-superiority, and methodology-before-rank wording.	data/leaderboard_rank_row_microstyle_i0050.tsv	S-0036;S-0056;S-0057;S-0080;SNAP-20260525-008;C-0046;A-0013;A-0014	rank-row microstyle guide with prohibited wording	2026-05-25	The guide supports concise final captions and footnotes while preserving C-0046 and blocking live-rank, release-status, price-quality, task-superiority, safety, latency, enterprise-usefulness, and generic best-model wording.
C-0077	supported	Pass I-0051 created a Chapter 7 ChatGPT adoption and reception source-gap table that decomposes C-0010 into row-level blocker families before any quantitative reception prose is added.	data/chatgpt_adoption_reception_gap_i0051.tsv	S-0006;S-0041;S-0044;S-0045;S-0046;S-0047;S-0078;S-0079;S-0089;S-0090;C-0010;SNAP-20260525-003;SNAP-20260525-013;SNAP-20260525-014;SNAP-20260525-015	claim-gap audit with prohibited-prose controls	2026-05-25	The table supports source targeting and prose quarantine only; C-0010 remains active for adoption, public reception, named-customer, revenue, productivity, ecosystem-success, GPT-4o impact, and boardroom-urgency claims until cutoff-bounded sources are captured and triangulated.
C-0078	supported	Pass I-0053 audited Chapter 16 after the CH16Q source-cue merge for readability, compacting adjacent source-only brackets while preserving all CH16Q row IDs inline.	manuscript/16-speed-to-power.md	S-0001;S-0083;S-0084;S-0085;S-0086;S-0087;S-0088;CH16Q-001;CH16Q-002;CH16Q-003;CH16Q-004;CH16Q-005;CH16Q-006;CH16Q-007;CH16Q-008;CH16Q-009;CH16Q-010;CH16Q-011;CH16Q-012;CH16Q-013;CH16Q-014;CH16Q-015;CH16Q-016;CH16Q-017;CH16Q-018	prose readability audit with row-level claim preservation	2026-05-25	The pass improves citation cadence but does not close C-0021 or C-0047; CH16Q-017 still blocks neutral NVIDIA/GTC claims and CH16Q-018 still blocks quantified energy-per-token claims.
C-0079	supported	Pass I-0054 created final Chapter 13 caption microcopy for A-0014 and A-0013 using the leaderboard methodology glossary and rank-row microstyle while preserving non-live-rank and C-0046 caveats.	data/leaderboard_final_caption_microcopy_i0054.tsv	A-0013;A-0014;S-0036;S-0056;S-0057;S-0080;SNAP-20260525-008;C-0046	caption microcopy with prohibited-use controls	2026-05-25	The microcopy supports final layout captions, short captions, shared footnotes, and prose transitions only for a historical `text_style_control` / `latest` / `overall` slice; it does not authorize live ranks, release status, price-quality, task superiority, safety, latency, enterprise usefulness, or broad best-model prose.
C-0080	supported	Pass I-0055 created a Chapter 13 appendix placement note that orders the methodology glossary, A-0014 methodology figure, A-0013 historical chart, shared footnote, prohibited-use note, and price-quality handoff.	data/leaderboard_appendix_placement_i0055.tsv	A-0013;A-0014;S-0036;S-0056;S-0057;S-0080;SNAP-20260525-008;C-0046	appendix placement plan with rank-use caveats	2026-05-25	The placement plan supports final layout order only; it preserves A-0014-before-A-0013, the narrow historical-slice claim, non-live-rank wording, release-status caveats, and C-0046's price-quality block.
C-0081	supported	Pass I-0056 identified cutoff-compatible ChatGPT adoption and reception source candidates for the highest-priority C-0010 lanes without promoting quantitative adoption, reception, Enterprise uptake, productivity, or original-post quotation prose.	data/chatgpt_adoption_reception_sources_i0056.tsv	S-0079;S-0091;S-0092;S-0093;S-0094	source-candidate pack with capture and triangulation blockers	2026-05-25	The pack identifies Reuters/UBS/Similarweb, Sam Altman, Meta Stack Overflow, Chalkbeat, and the existing OpenAI Enterprise source as capture targets; C-0010 remains active until local/archive snapshots, source-chain normalization, and triangulation exist.
C-0082	supported	Pass I-0057 created a Chapter 16 cue-density rule that decides when CH16Q row IDs must stay inline, when source-only brackets may collapse, and when a final sidenote/endnote prototype may be tested.	data/chapter16_cue_density_rule_i0057.tsv	CH16Q-001;CH16Q-002;CH16Q-003;CH16Q-004;CH16Q-005;CH16Q-006;CH16Q-007;CH16Q-008;CH16Q-009;CH16Q-010;CH16Q-011;CH16Q-012;CH16Q-013;CH16Q-014;CH16Q-015;CH16Q-016;CH16Q-017;CH16Q-018	cue-density claim-control rule	2026-05-25	The rule keeps exact quantities, forecasts, advisory estimates, operator-survey signals, NVIDIA/GTC blockers, and energy-per-token exclusions visible while allowing only source-only clutter to collapse; C-0021/C-0047 remain active.
C-0083	supported	Pass I-0058 created a Chapter 16 final-note prototype that accepts only the CH16Q-003 through CH16Q-006 LBNL/DOE paragraph as a note-move test case and rejects note-only treatment for CH16Q-017 and CH16Q-018.	data/chapter16_final_note_prototype_i0058.tsv	CH16Q-003;CH16Q-004;CH16Q-005;CH16Q-006;CH16Q-017;CH16Q-018	final-note prototype with blocker-preservation rules	2026-05-25	The prototype preserves measured-versus-scenario mapping for the dense U.S. paragraph while keeping NVIDIA/GTC blocker and energy-per-token exclusion IDs inline; C-0021/C-0047 remain active.
C-0084	supported	Pass I-0061 captured local or archive-backed source snapshots for the highest-priority Chapter 7 ChatGPT adoption and reception candidates without promoting quantitative adoption or broad reception prose.	data/chatgpt_adoption_reception_snapshots_i0061.tsv	S-0091;S-0092;S-0093;S-0094;S-0095;SNAP-20260525-017;SNAP-20260525-018;SNAP-20260525-019;SNAP-20260525-020;SNAP-20260525-021	source-capture pack with normalization blockers	2026-05-25	The snapshots narrow C-0010 by adding Reuters/archive, X app-shell, Tech Startups secondary embed, Meta Stack Overflow, and Chalkbeat evidence handles; C-0010 remains active until source-chain normalization, metric scope, primary-vs-secondary status, quote limits, and triangulation are resolved.
C-0085	supported	Pass I-0062 created a Chapter 16 note-prototype acceptance checklist that gates any movement of CH16Q row IDs out of live prose before a mock/render pass.	data/chapter16_note_acceptance_checklist_i0062.tsv	CH16Q-003;CH16Q-004;CH16Q-005;CH16Q-006;CH16Q-015;CH16Q-016;CH16Q-017;CH16Q-018	layout acceptance gate with blocker-preservation rules	2026-05-25	The checklist accepts only N16-1 for CH16Q-003 through CH16Q-006 as the first note-move candidate, requires measured-versus-scenario mapping and same-page proximity, and keeps CH16Q-017 and CH16Q-018 inline; C-0021/C-0047 remain active.
C-0086	supported	Pass I-0063 created a single-page Chapter 16 N16-1 layout mock that passes the I-0062 acceptance checklist as a mock while leaving live prose unchanged.	assets/visual_system/chapter16-n16-1-note-layout-mock.svg	A-0017;CH16Q-003;CH16Q-004;CH16Q-005;CH16Q-006;CH16Q-017;CH16Q-018	layout mock with acceptance table	2026-05-25	The mock places N16-1 near the LBNL/DOE paragraph and preserves four measured/scenario mappings while keeping CH16Q-017 and CH16Q-018 inline; production prose/PDF changes remain blocked until render QA.
C-0087	supported	Pass I-0064 created a Chapter 13 layout QA checklist that gates any PDF/render pass for the integrated leaderboard appendix before layout changes are promoted.	data/chapter13_layout_qa_checklist_i0064.tsv	A-0013;A-0014;S-0080;SNAP-20260525-008;C-0046	layout QA gate with rank-use blockers	2026-05-25	The checklist requires A-0014-before-A-0013 order, glossary-before-methodology placement, caption scope/date/source labels, nearby shared footnote, prohibited-use visibility, price-quality divider, asset legibility, and source/provenance visibility; C-0046 remains active.
C-0088	supported	Pass I-0065 created a source-normalization table for the I-0056/I-0061 ChatGPT adoption and reception candidates without promoting blocked C-0010 prose.	data/chatgpt_source_normalization_i0065.tsv	S-0091;S-0092;S-0093;S-0094;S-0095;S-0079;S-0089;SNAP-20260525-017;SNAP-20260525-018;SNAP-20260525-019;SNAP-20260525-020;SNAP-20260525-021	source-normalization table with quote and triangulation blockers	2026-05-25	The table separates Reuters/UBS/Similarweb, Altman/X, Stack Overflow, Chalkbeat, and ChatGPT Enterprise evidence by primary-vs-secondary status, archive handle, quote allowance, metric scope, allowed next use, prohibited prose, and remaining blocker; C-0010 remains active.
C-0089	supported	Pass I-0066 created a narrow Chapter 7 reception chronology that adds education and workplace response handles while blocking broad public-reception prose.	data/chatgpt_reception_chronology_i0066.tsv	S-0093;S-0094;S-0096;S-0097;SNAP-20260525-020;SNAP-20260525-021	reception chronology with named-institution scope limits	2026-05-25	The chronology separates Stack Overflow, NYC schools, Seattle Public Schools, and JPMorgan Chase as dated institutional examples; S-0096 and S-0097 still need local/archive snapshots before exact quotes or final prose, and C-0010 remains active for broad reception.
C-0090	supported	Pass I-0067 audited the ChatGPT adoption-count evidence chain, separating Altman's undefined one-million-users milestone from Reuters/UBS/Similarweb monthly-active-user, daily unique-visitor, and fastest-growing-comparison lanes.	data/chatgpt_adoption_count_audit_i0067.tsv	S-0091;S-0092;S-0095;S-0098;SNAP-20260525-017;SNAP-20260525-018;SNAP-20260525-019	adoption-count metric audit with source-chain blockers	2026-05-25	The audit upgrades S-0092 to quote-ready with an X-app-shell caveat, adds S-0098 as a text-readable Reuters mirror handle, and keeps C-0010 active until 100M MAU, daily unique visitors, and fastest-growing claims have local/archive or primary UBS/Similarweb support.
C-0091	supported	Pass I-0068 created a production-layout gate for the Chapter 16 N16-1 note mock before any live prose merge.	data/chapter16_n16_1_production_layout_gate_i0068.tsv	A-0017;N16-1;CH16Q-003;CH16Q-004;CH16Q-005;CH16Q-006;CH16Q-015;CH16Q-016;CH16Q-017;CH16Q-018	production render QA gate with blocker-preservation rules	2026-05-25	The gate requires same-page note placement, sidenote proximity, readable line lengths, no note collision, preserved four-row LBNL/DOE mapping, inline CH16Q-017 and CH16Q-018 visibility, operator-signal stability, no new quantitative claims, and A/B render comparison; C-0021/C-0047 remain active.
C-0092	supported	Pass I-0069 resolved the duplicate Chapter 13 `Ranking Sources To Use` heading flow while preserving the I-0059 leaderboard reading sequence and I-0064 QA gates.	data/chapter13_leaderboard_prerender_fix_i0069.tsv	A-0013;A-0014;CH13QA-001;CH13QA-002;CH13QA-003;CH13QA-004;CH13QA-005;CH13QA-006;CH13QA-007;CH13QA-008;CH13QA-009;CH13QA-012	heading-flow fix with rank-use blockers preserved	2026-05-25	The patch removes the duplicate source-heading before `Leaderboard Reading Sequence`, keeps the remaining `Ranking Sources To Use` heading before source subsections, leaves glossary-before-methodology and A-0014-before-A-0013 order intact, and adds no new rank, price, release-status, or task-superiority claims; C-0046 remains active.
C-0093	supported	Pass I-0070 created a Chapter 7 ChatGPT Enterprise evidence recovery plan separating original-post capture, registered-account language, named-customer corroboration, and productivity-outcome blockers.	data/chatgpt_enterprise_recovery_plan_i0070.tsv	S-0079;S-0089;S-0099;S-0100;S-0101;C-0010	Enterprise recovery plan with prose permission ladder	2026-05-25	The plan keeps current prose limited to S-0089 structural Enterprise launch/features, marks S-0079 as readable but locally blocked for original-post quotations, adds Moderna/PwC/Constellation candidate lanes, and requires local capture plus customer-side or independent corroboration before Fortune 500 uptake, named-customer adoption, or productivity outcomes enter Chapter 7.
C-0094	supported	Pass I-0071 captured local text-render snapshots for the Axios Seattle and Axios JPMorgan Chapter 7 reception handles and extracted quote-safe scope rows.	data/chatgpt_reception_axios_snapshots_i0071.tsv	S-0096;S-0097;SNAP-20260525-022;SNAP-20260525-023	named-institution reception snapshots with generalization blockers	2026-05-25	S-0096 may support one Seattle Public Schools education access-control example and S-0097 may support one JPMorgan Chase workplace software-control example, but neither supports national school panic, broad company bans, boardroom panic, or public-reception totals; C-0010 remains active.
C-0095	supported	Pass I-0072 captured a local text-render Reuters mirror for the ChatGPT 100M MAU/13M daily-unique/fastest-growing source chain and added Similarweb-side corroboration.	data/chatgpt_adoption_source_chain_i0072.tsv	S-0091;S-0092;S-0095;S-0098;S-0102;SNAP-20260525-017;SNAP-20260525-018;SNAP-20260525-019;SNAP-20260525-024;SNAP-20260525-025	attributed adoption source-chain table with metric firewalls	2026-05-25	S-0098 may support an attributed Reuters/UBS/Similarweb sentence for 100M January 2023 monthly active users and about 13M daily unique visitors, while S-0102 corroborates Similarweb-side traffic context; C-0010 remains active for any adoption prose that drops attribution, merges metric types, or states a narrator-certified fastest-growing-app claim.
C-0096	supported	Pass I-0073 created a Chapter 16 N16-1 parent/candidate render comparison and rejected live prose merge until production PDF/page-image evidence exists.	data/chapter16_n16_1_render_comparison_i0073.tsv	A-0017;A-0018;N16-1;CH16Q-003;CH16Q-004;CH16Q-005;CH16Q-006;CH16Q-015;CH16Q-016;CH16Q-017;CH16Q-018	mock-level render comparison with production-PDF blocker	2026-05-25	The comparison shows N16-1 preserves four LBNL/DOE mappings and keeps CH16Q-017, CH16Q-018, CH16Q-015, and CH16Q-016 inline in lightweight SVG renders, but it does not satisfy the production PDF/page-break, final-font, collision, and text-extraction gates; C-0021/C-0047 remain active and live Chapter 16 prose is unchanged.
C-0097	supported	Pass I-0074 verified Chapter 13 leaderboard appendix text/order and SVG preflight gates while blocking PDF promotion until page/spread render evidence exists.	data/chapter13_leaderboard_render_qa_i0074.tsv	A-0013;A-0014;C-0046;CH13QA-001;CH13QA-012	leaderboard appendix preflight QA with production-render blocker	2026-05-25	The QA table supports that the post-I-0069 appendix order is glossary, A-0014, transition, A-0013, shared footnote, prohibited-use note, and price-quality handoff, with source/provenance handles preserved; it does not prove final PDF footnote proximity or asset legibility, so C-0046 and PDF-promotion blockers remain active.
C-0098	supported	Pass I-0075 captured S-0079 as a local text-render and extracted quote-safe ChatGPT Enterprise launch, registered-account, named-customer, and testimonial rows with adoption/productivity blockers preserved.	data/chatgpt_enterprise_quote_safe_rows_i0075.tsv	S-0079;SNAP-20260525-026;C-0010	official product-post text-render with renderer and vendor-hosted caveats	2026-05-25	S-0079 may now support short OpenAI-attributed original-post feature wording, the Fortune 500 registered-account statement with corporate-email-domain footnote definition, and OpenAI-hosted customer quote context; it does not support paid Enterprise adoption, neutral named-customer deployment, or measured productivity outcomes without customer-side or independent corroboration.
C-0099	supported	Pass I-0076 captured S-0093 revision pages and raw revision 1 source, separating Meta Stack Overflow's original Dec. 5, 2022 temporary ChatGPT policy from later/current generative-AI policy text.	data/stackoverflow_ai_policy_quote_safe_rows_i0076.tsv	S-0093;SNAP-20260525-020;SNAP-20260525-027;SNAP-20260525-028;SNAP-20260525-029	primary institutional policy with revision-specific quote extraction	2026-05-25	S-0093 may now support one scoped Chapter 7 Stack Overflow/developer-community moderation example using revision 1 for original temporary wording and current page only for later/current contrast; C-0010 remains active for broad public-reception, all-developers, all-workplaces, or panic generalizations.
C-0100	supported	Pass I-0077 drafted a cautious Chapter 7 adoption paragraph that preserves Altman's undefined users milestone, Reuters/UBS/Similarweb monthly-active-user estimate, and daily-unique-visitor traffic estimate as separate metric lanes.	data/chatgpt_adoption_paragraph_i0077.tsv	S-0092;S-0095;S-0098;S-0102;SNAP-20260525-018;SNAP-20260525-019;SNAP-20260525-024;SNAP-20260525-025	attributed adoption prose with metric firewalls	2026-05-25	The paragraph may be merged later only with source cues attached; C-0010 remains active for fastest-growing-app superlatives, OpenAI-confirmed adoption, registered-user claims, total visits, and any prose that merges users, MAU, and daily unique visitors.
C-0101	supported	Pass I-0078 ran a true local Chapter 16 production-text PDF/page-image render for the N16-1 note candidate and passed all ten I-0068 production gate rows with caveats for final book styling.	data/chapter16_n16_1_pdf_render_qa_i0078.tsv	N16-1;A-0015;A-0017;A-0018;CH16Q-003;CH16Q-004;CH16Q-005;CH16Q-006;CH16Q-015;CH16Q-016;CH16Q-017;CH16Q-018	PyMuPDF parent/candidate PDF render with text extraction and page PNG proof	2026-05-25	The generated PDFs/PNGs/text extracts are intentionally untracked under rendered/chapter16_i0078; the QA supported same-page placement, row mapping, inline blocker visibility, and reversibility for the production-text candidate layout. I-0083 later performed the narrow live integration and reran the proof; C-0021/C-0047 remain active.
C-0102	supported	Pass I-0079 ran a true local Chapter 13 leaderboard page/spread render with A-0014 before A-0013 and passed all twelve Chapter 13 layout QA gates with caveats for final full-book styling.	data/chapter13_leaderboard_pdf_render_qa_i0079.tsv	A-0013;A-0014;CH13QA-001;CH13QA-002;CH13QA-003;CH13QA-004;CH13QA-005;CH13QA-006;CH13QA-007;CH13QA-008;CH13QA-009;CH13QA-010;CH13QA-011;CH13QA-012;C-0046	PyMuPDF spread render with style-inlined SVG rasterization, page PNG proof, and text extraction	2026-05-25	The generated PDFs/PNGs/text extracts are intentionally untracked under rendered/chapter13_i0079; the QA supports methodology-before-rank order, glossary placement, same-page A-0013 footnote, prohibited-use visibility, price-quality divider, provenance labels, and no-new-rank-claim controls, but it does not promote a final full-book PDF or retire C-0046.
C-0103	supported	Pass I-0080 captured PwC's customer-side ChatGPT Enterprise press release and extracted row-level permissions for agreement, reseller/largest-user framing, workforce access, internal custom-GPT examples, client-service positioning, and investment context.	data/chatgpt_enterprise_pwc_quote_safe_rows_i0080.tsv	S-0100;SNAP-20260525-030	customer-side primary press release with web-reader line notes	2026-05-25	S-0100 may support carefully PwC-attributed Chapter 7 prose about PwC's US/UK OpenAI agreement and workforce-access framing, but it does not support neutral OpenAI-wide Enterprise adoption, paid seat counts, active usage, client deployment, or productivity outcomes without independent/customer-side metric rows.
C-0104	supported	Pass I-0081 drafted a scoped Chapter 7 institutional-reception paragraph using Stack Overflow revision-1 evidence plus NYC, Seattle, and JPMorgan rows without promoting broad public-reception claims.	data/chatgpt_institutional_reception_paragraph_i0081.tsv	S-0093;S-0094;S-0096;S-0097;SNAP-20260525-021;SNAP-20260525-022;SNAP-20260525-023;SNAP-20260525-029	candidate prose with institution-by-institution scope controls	2026-05-25	The paragraph may later be merged only with source cues and the negative-control sentence intact; C-0010 remains active for public panic, all-developers, all-schools, broad workplace-ban, permanent-ban, specific-incident, and quantified-reception claims.
C-0105	supported	Pass I-0082 integrated the attributed ChatGPT adoption paragraph into live Chapter 7 while preserving source cues and metric-firewall wording.	data/chatgpt_adoption_live_integration_i0082.tsv	S-0092;S-0098;S-0102;SNAP-20260525-018;SNAP-20260525-024;SNAP-20260525-025	live prose integration with source-density and overclaim checks	2026-05-25	The live paragraph may support only Altman's undefined one-million-users milestone and Reuters/UBS/Similarweb-attributed 100M MAU and 13M daily unique visitor estimates; it does not support fastest-growing-app, OpenAI-confirmed users, paid users, revenue, named customers, or productivity claims.
C-0106	supported	Pass I-0083 integrated N16-1 into the live Chapter 16 LBNL/DOE paragraph and reran the production-text PDF render gate with all ten rows passing.	data/chapter16_n16_1_live_pdf_render_qa_i0083.tsv	N16-1;A-0015;CH16Q-003;CH16Q-004;CH16Q-005;CH16Q-006;CH16Q-015;CH16Q-016;CH16Q-017;CH16Q-018	PyMuPDF parent/candidate live integration render with text extraction and page PNG proof	2026-05-25	Only the LBNL/DOE CH16Q-003 through CH16Q-006 inline clusters moved into N16-1; CH16Q-017, CH16Q-018, CH16Q-015, and CH16Q-016 remain inline, the mapping note preserves reported/modeled/projected/scenario language, and no new quantitative claim row was introduced.
C-0107	supported	Pass I-0084 added shared automated render-output smoke checks to Chapter 13 and Chapter 16 PDF scripts for guardrail text, blank/black/monochrome image detection, expected figure color signals, and ignored heavyweight artifacts.	scripts/render_smoke.py;data/chapter13_leaderboard_pdf_render_qa_i0079.tsv;data/chapter16_n16_1_live_pdf_render_qa_i0083.tsv	A-0013;A-0014;N16-1;A-0015;C-0046;CH16Q-003;CH16Q-004;CH16Q-005;CH16Q-006;CH16Q-015;CH16Q-016;CH16Q-017;CH16Q-018	shared PyMuPDF image/text/artifact smoke helper wired into both render gates	2026-05-25	Chapter 13 now has four RENDER-SMOKE rows and passes 14 rows with 2 caveated rows; Chapter 16 now has four RENDER-SMOKE rows and passes 12 rows with 1 caveated and 1 scope-limited row. The helper rejects missing required guardrail text, low-color/near-blank page images according to per-page specs, and large unignored render artifacts.
C-0108	supported	Pass I-0085 captured TechCrunch/OpenAI-side corroboration for PwC's first-reseller and largest-customer ChatGPT Enterprise framing while preserving pricing, usage, rollout, and productivity blockers.	data/chatgpt_enterprise_pwc_corroboration_i0085.tsv	S-0100;S-0103;SNAP-20260525-030;SNAP-20260525-031	independent secondary report with OpenAI executive interview plus PwC customer-side primary row	2026-05-25	S-0103 may upgrade PwC's largest-customer/first-reseller framing from PwC-only to TechCrunch-reported and OpenAI-executive-corroborated with attribution; it supports 100,000-user coverage/access scale but not active usage, paid seats, pricing, revenue, global rollout, client adoption, or productivity outcomes.
C-0109	supported	Pass I-0086 integrated the scoped institutional-reception paragraph into live Chapter 7 with source cues and negative-control wording intact.	data/chatgpt_institutional_reception_live_integration_i0086.tsv	S-0093;S-0094;S-0096;S-0097;SNAP-20260525-021;SNAP-20260525-022;SNAP-20260525-023;SNAP-20260525-029	live prose integration with institution-by-institution source cues and blocker check	2026-05-25	The live paragraph may support Stack Overflow as one developer-community moderation response, NYC and Seattle as named school access-control examples, and JPMorgan as one workplace software-control example; it does not support public panic, all-developer rejection, all-school rejection, national school bans, broad workplace bans, boardroom panic, permanent bans, specific incidents, or quantified reception.
C-0110	supported	Pass I-0087 audited Chapter 7 paragraph-level source density and readability after the adoption and institutional-reception integrations, identifying a healthy cue density but stale S-0079 Enterprise blocker wording and an over-concentrated opening source note.	data/chatgpt_ch7_readability_audit_i0087.tsv	S-0079;S-0092;S-0093;S-0094;S-0096;S-0097;S-0098;S-0102;S-0100;S-0103;C-0010	claim-audit/readability audit with source-role controls	2026-05-25	The audit authorizes no broad prose cleanup by itself; it preserves inline adoption metric and reception negative-control wording, recommends modernizing S-0079 to narrow quote-ready status, and keeps C-0010 active for fastest-growing-app, OpenAI-confirmed adoption, paid Enterprise adoption, pricing, revenue, active usage, paid seats, global rollout, client adoption, named-customer deployment, and productivity outcomes.
C-0111	supported	Pass I-0088 audited whether Chapter 16 N16-1 can transfer to later CH16Q clusters, approving only a same-family measured/scenario note pattern and rejecting premature movement of operator-survey, NVIDIA/GTC, and energy-per-token guardrail rows.	data/chapter16_note_system_transfer_audit_i0088.tsv	N16-1;CH16Q-003;CH16Q-004;CH16Q-005;CH16Q-006;CH16Q-015;CH16Q-016;CH16Q-017;CH16Q-018;C-0021;C-0047	claim-audit note-system transfer rule with blocker-preservation controls	2026-05-25	The audit authorizes no live prose change; CH16Q-015/016 require a separate N16-3 operator-survey prototype with render proof, CH16Q-017 must remain inline beside NVIDIA/GTC company framing, CH16Q-018 must remain inline beside the energy-per-token exclusion, and C-0021/C-0047 remain active.
C-0112	supported	Pass I-0089 added a negative self-test mode to scripts/render_smoke.py that proves missing guardrail text, black/blank/monochrome page images, and unignored large artifacts are detected without committing bad render outputs.	scripts/render_smoke.py;data/render_smoke_negative_fixture_i0089.tsv	CH13SMOKE;CH16SMOKE;RENDER-SMOKE	design regression fixture with forced-failure evidence	2026-05-25	`python scripts/render_smoke.py --self-test-negative --root .` reported fail rows for NEGSMOKE-TEXT, NEGSMOKE-IMAGE-BLACK, and NEGSMOKE-ARTIFACTS, then exited 0 only because all expected failures were detected; Chapter 13 and Chapter 16 render gates were rerun with exit code 0 after the helper change.
C-0113	supported	Pass I-0090 integrated one attributed PwC Enterprise sentence into live Chapter 7 using S-0100 and S-0103 together while preserving commercial-outcome blockers.	manuscript/07-chatgpt-interface-event.md;data/chatgpt_enterprise_pwc_live_integration_i0090.tsv	S-0100;S-0103;C-0010	live prose integration with attribution and blocker controls	2026-05-25	The sentence says PwC announced the agreement, TechCrunch cited an OpenAI alliances executive for largest-customer/first-reseller framing, labels 100000 users as coverage/access scale, and explicitly blocks pricing, revenue, active usage, paid seats, global rollout, client adoption, and productivity outcomes; C-0010 remains active for unsupported Enterprise adoption and outcome claims.
C-0114	supported	Pass I-0091 created a Chapter 7 source-note cleanup plan that separates opener cleanup into global, productization, adoption, reception, and Enterprise lanes without authorizing removal of C-0010 blockers.	data/chatgpt_ch7_source_note_cleanup_plan_i0091.tsv;manuscript/07-chatgpt-source-note-cleanup-plan.md	C-0010;C-0110;C-0113;S-0078;S-0079;S-0089;S-0092;S-0093;S-0094;S-0096;S-0097;S-0098;S-0100;S-0102;S-0103	claim-audit cleanup plan with blocker-preservation gates	2026-05-25	The plan allows shortening the opening source note only if adoption metric definitions, reception named-example scope, and Enterprise pricing/revenue/usage/rollout/client-adoption/productivity blockers remain visible beside the relevant paragraphs; it authorizes no live prose change.
C-0115	supported	Pass I-0092 drafted a first full Chapter 1 early-language-modeling opening using primary sources for neural language modeling, word vectors, seq2seq, attention, and the Transformer bridge, with row-level claim permissions.	manuscript/01-before-the-transformer.md;data/chapter1_early_lm_claim_audit_i0092.tsv	S-0104;S-0105;S-0106;S-0107;S-0002	primary-source-backed prose draft plus technical claim audit	2026-05-25	The draft supports qualitative claims about distributed representations, efficient word-vector learning, encoder-decoder sequence learning, alignment/attention, and Transformer parallel self-attention; it blocks exact benchmark numbers, invention-priority claims, hidden adoption claims, and claims that vector analogies or attention weights prove human-like understanding.
C-0116	supported	Pass I-0093 drafted a full Transformer chapter using S-0002 and S-0108, with claim rows for self-attention, multi-head attention, positional encodings, parallelism, diagram queues, and explicit limitation blockers.	manuscript/02-attention-catches-fire.md;data/chapter2_transformer_claim_audit_i0093.tsv;data/chapter2_transformer_diagram_queue_i0093.tsv	S-0002;S-0108;S-0011;S-0013;S-0004	primary-source-backed prose draft plus technical claim audit and visual queue	2026-05-25	The draft supports qualitative Transformer architecture and scaling-fit claims while blocking exact benchmark numbers, invention-priority fights, modern-implementation overreach, head-function overinterpretation, distance-is-free claims, attention-weights-as-explanation claims, and architecture-alone causality.
C-0117	supported	Pass I-0094 drafted a first scaling-laws chapter with claim rows separating measured loss/performance, modeled extrapolation, industry interpretation, Chinchilla compute/data balance, and blocked emergence/frontier extrapolation claims.	manuscript/03-scaling-bet.md;data/chapter3_scaling_claim_audit_i0094.tsv;data/chapter3_scaling_chart_plan_i0094.tsv	S-0003;S-0015;S-0004;S-0016	primary-source-backed prose draft plus scaling claim audit and chart plan	2026-05-25	The draft supports qualitative scaling-law, GPT-3, Chinchilla, and PaLM bridge claims while blocking exact exponents, plotted values, benchmark numbers, universal token/parameter formulas, emergence-threshold charts, and claims that scaling automatically buys truth, provenance, safety, data rights, cheap inference, infrastructure, or trust.
C-0118	supported	Pass I-0095 expanded Chapter 5 into a 5288-word GPT-1-to-GPT-3 live narrative chapter that integrates the GPT lineage table, preserves source cues, and hands off to instruction tuning.	manuscript/05-gpt-1-to-gpt-3-door-opens.md;data/chapter5_gpt_lineage_claim_audit_i0095.tsv;data/gpt_lineage_visual_table.tsv	S-0011;S-0012;S-0013;S-0004;S-0069;S-0071;S-0052;S-0070;S-0014	primary-source-backed prose expansion plus row-level claim audit	2026-05-25	The expansion supports qualitative interface-lineage claims from GPT-1 pretraining to GPT-2 prompting, GPT-3 few-shot context, API distribution, Codex executable code, Copilot cursor assistance, and the InstructGPT/RLHF handoff while preserving blockers on exact API usage, app counts, productivity, adoption, legal, licensing, revenue, and benchmark-superiority claims.
