id	status	idea	dimension	expected_metric	evidence_hypothesis
I-0001	done	Build the 24-chapter master outline around compute, data, algorithms, institutions, products, and agents.	structure	BookScore + chapter coverage	Done in manuscript/00-master-outline.md and promoted to champion/00-master-outline.md; created exact 24-chapter spine covering mandatory topics.
I-0002	done	Create the source map for the LLM era through 2026-05-24, starting with primary sources, papers, company posts, talks, benchmark pages, repos, and major reporting.	sourcing	source density + claim coverage	Done in manuscript/00-source-map.md with sources.tsv expanded through S-0043 and unsupported frontier-release gaps marked for verification.
I-0003	done	Draft the ChatGPT chapter as the narrative ignition point, then backfill origins around it.	narrative	Goodreads appeal + FT plausibility	Done in manuscript/07-chatgpt-interface-event.md and promoted to champion/07-chatgpt-interface-event.md; first sourced narrative chapter created without unsupported adoption numbers.
I-0004	done	Draft the Claude Code and coding agents chapter as the moment software begins to write software at industrial scale.	topic	originality + technical depth	Done in manuscript/20-claude-code-industrialized-pair-programming.md and promoted to champion/20-claude-code-industrialized-pair-programming.md; first sourced coding-agents chapter created with benchmark caveats.
I-0005	done	Design the visual grammar: timelines, model family trees, scaling curves, datacenter/power diagrams, architecture schematics, and benchmark landscapes.	visuals	visual beauty + PDF integrity	Done in manuscript/00-visual-grammar.md with three manifest-tracked SVG prototypes and target allocation for 84 charts/diagrams plus 54 photo/screenshot slots.
I-0006	done	Create the model-rankings appendix from arena/provider tables with source snapshots and access dates.	data	chart provenance + timeline coverage	Done in manuscript/13-model-rankings-appendix.md with data/model_rankings_sources.tsv, data/model_rankings_matrix.tsv, and source snapshot notes dated 2026-05-24.
I-0007	done	Use GTC-2026-Keynote.pdf to build a NVIDIA GTC 2026 source/asset pack, distinguishing happened facts from announced roadmaps by the cutoff.	assets	NVIDIA chapter quality + visual provenance	Done in manuscript/15-gtc-2026-source-pack.md with PDF metadata, page-level notes, planned slide slots, and fact-status rules.
I-0008	done	Propose 5 alternate prize-book titles and subtitles, then test them against FT/Pulitzer/Goodreads/canon criteria.	positioning	award-worthiness + reader pull	Done in manuscript/00-title-positioning.md and data/title_candidates.tsv; current title retained as champion, with The Language Machine preserved as strongest alternate.
I-0009	done	Create a source-snapshot protocol for live model cards, docs, pricing pages, and leaderboards, with filenames, access dates, and quote limits.	sourcing	claim coverage + provenance	Done in manuscript/00-source-snapshot-protocol.md with data/source_snapshot_protocol.tsv and data/source_snapshots/README.md; protocol defines filenames, metadata, access dates, quote limits, allowed uses, and ledger updates.
I-0010	done	Draft the GPT-1 to GPT-3 chapter with Codex/GitHub Copilot as the bridge from language to code.	narrative	technical depth + narrative continuity	Done in manuscript/05-gpt-1-to-gpt-3-door-opens.md; chapter links GPT-1, GPT-2, GPT-3, API distribution, Codex, and GitHub Copilot as the bridge from prompting to executable software interfaces.
I-0011	done	Capture local HTML or screenshot snapshots for LMArena text leaderboard and official OpenAI, Anthropic, Google, xAI, and Mistral pricing pages.	assets	chart provenance + claim coverage	Done as a capture pass in data/source_snapshots/2026-05-24: local HTML captured for LMArena, Anthropic, Google/Gemini, xAI, and Mistral; OpenAI shell capture returned HTTP 403 and was queued as a targeted follow-up.
I-0012	done	Render selected GTC 2026 keynote pages 29, 45, 46, 49, 50, and 51 to private-use images and update assets_manifest.tsv with actual file paths or archive notes.	assets	visual provenance + NVIDIA chapter quality	Done in assets/gtc_2026/slides with ignored local PNG renders; assets_manifest.tsv now marks A-0004 through A-0009 as available_local_ignored and data/gtc_2026_rendered_pages.tsv records hashes and dimensions.
I-0013	done	Create a title/subtitle reader-test protocol for later use once at least six full chapters exist, including audience segments and scoring prompts.	positioning	reader pull + award-worthiness	Done in manuscript/00-title-reader-test-protocol.md with audience segment and instrument TSVs; protocol preserves Next Token until a challenger clears explicit reader-evidence gates.
I-0014	done	Build a claim-coverage dashboard from claims.tsv, sources.tsv, and manuscript files to expose unsupported claims, snapshot gaps, and chapter-level source density.	data	claim coverage + source density	Done in data/claim_coverage_dashboard.tsv, data/chapter_source_density.tsv, data/claim_verification_queue.tsv, and manuscript/00-claim-coverage-dashboard.md; exposes 26 supported claims, 9 needs-verification claims, and Chapter 7 as slightly sparse.
I-0015	done	Create the Chapter 5 GPT lineage visual table with model/year, mechanism, interface shift, source IDs, and caveats.	visuals	technical clarity + visual coverage	Done in data/gpt_lineage_visual_table.tsv and assets/visual_system/gpt-lineage-table.svg, with A-0010 provenance and manuscript integration in Chapter 5.
I-0016	done	Capture the OpenAI API pricing page with a browser screenshot or alternate official docs snapshot after shell HTML capture returned HTTP 403.	assets	chart provenance + claim coverage	Done with alternate official developer-docs snapshot SNAP-20260525-001; browser screenshot tooling was unavailable, original pricing page still returned HTTP 403, and exact price rows remain normalization/cutoff-status gated.
I-0017	done	Create final captions and claim-caveat notes for the six rendered GTC 2026 slides, distinguishing announced, roadmap, performance, and partner claims.	assets	visual provenance + NVIDIA chapter quality	Done in data/gtc_2026_slide_captions.tsv, assets_manifest.tsv, and manuscript/15-gtc-2026-source-pack.md; captions use exact local PDF page text while preserving roadmap, availability, performance, partner, and reference-design caveats.
I-0018	done	Draft the Alignment Enters the Product chapter, connecting InstructGPT, RLHF, Constitutional AI, refusals, and assistant behavior without turning it into a regulation chapter.	narrative	technical depth + chapter coverage	Done in manuscript/06-alignment-enters-product.md with source rows S-0073 through S-0077 and claim rows C-0042 through C-0044; chapter explains why raw completion became assistant behavior while keeping exact policy/system-card wording snapshot-gated.
I-0019	done	Resolve the highest-risk claim queue items by snapshotting or triangulating C-0017, C-0018, C-0021, C-0031, and C-0033 before final leaderboard, pricing, or GTC charts.	claim_audit	unsupported claims down + chart readiness	Done in data/high_risk_claim_audit_i0019.tsv; stale capture/exact-wording blockers C-0017, C-0018, and C-0033 are now supported, while sharper blockers C-0045 through C-0047 preserve rank-row normalization, price-row normalization, and GTC triangulation risks.
I-0020	done	Tighten Chapter 7 source density by adding two high-value reception or product-evolution sources and converting the slightly sparse ChatGPT chapter into the 150-250 words-per-source band.	sourcing	source density + claim support	Done in manuscript/07-chatgpt-interface-event.md with S-0078 ChatGPT Plus and S-0079 ChatGPT Enterprise; Chapter 7 now uses 11 unique sources and is inside the target source-density band without promoting exact adoption figures.
I-0021	done	Normalize OpenAI pricing rows from the official docs snapshot only after filtering out post-cutoff model rows and recording cutoff-status caveats for any price comparison.	data	price chart readiness + cutoff safety	Done in data/openai_pricing_rows_i0021.tsv and data/openai_pricing_i0021_notes.md; OpenAI rows are normalized with post-cutoff capture caveats, post-cutoff model-name exclusions, and C-0046 still blocks final price-quality charts.
I-0022	done	Draft the NVIDIA GTC 2026 chapter opening around AI factories using the captioned slide pack, while keeping roadmap and performance claims attributed.	narrative	NVIDIA chapter quality + visual integration	Done in manuscript/15-gtc-2026-ai-factory-sells-itself.md and champion/15-gtc-2026-ai-factory-sells-itself.md; the opening uses A-0004/A-0007/A-0008/A-0009 as attributed NVIDIA argument surfaces and leaves C-0021/C-0047 blockers intact.
I-0023	done	Create an RLHF/alignment pipeline visual for Chapter 6 with demonstrations, preference comparisons, reward model, RL optimization, constitutional/RLAIF branch, system-policy layer, red-team/eval loop, and caveats.	visuals	technical clarity + visual coverage	Done in data/rlhf_alignment_pipeline_i0023.tsv, assets/visual_system/rlhf-alignment-pipeline.svg, assets_manifest.tsv row A-0011, and champion/06-rlhf-alignment-pipeline.md; figure shows assistant behavior as a layered product stack, not solved alignment.
I-0024	done	Normalize LMArena leaderboard rows from SNAP-20260524-001 into chart-ready model/rank/category rows with policy caveats.	data	leaderboard chart readiness + claim support	Done as a conservative normalization/audit pass in data/lmarena_leaderboard_rows_i0024.tsv and data/lmarena_leaderboard_i0024_notes.md; the captured HTML includes post-cutoff-looking model names, so exact cutoff rank charts remain blocked under C-0045.
I-0025	done	Snapshot ChatGPT Plus and ChatGPT Enterprise source pages before extracting exact pricing, availability, adoption, or customer productivity claims.	assets	ChatGPT source integrity + claim support	Done as blocked-capture documentation in SNAP-20260525-002 and SNAP-20260525-003 plus data/source_snapshots/2026-05-25/chatgpt_product_pages_i0025_notes.md; shell HTML capture returned HTTP 403, browser/web reader verified structural page content, and exact quotes/quantitative claims remain gated.
I-0026	done	Normalize Claude, Gemini, xAI, and Mistral provider pricing rows into the same schema as the OpenAI pricing table, preserving tier, currency, unit, capture date, and chart-readiness caveats.	data	price chart readiness + cross-provider comparability	Done in data/provider_pricing_rows_i0026.tsv and data/provider_pricing_i0026_notes.md; Claude, Gemini, and xAI candidate rows are normalized while Mistral remains pricing-source missing and C-0046 stays active.
I-0027	done	Add a Chapter 15 AI-factory block diagram that separates NVIDIA's keynote framing from independently supported infrastructure layers: model serving, accelerators, networking, storage, power, cooling, orchestration, and token billing.	visuals	technical clarity + GTC visual integration	Done in assets/visual_system/ai-factory-stack.svg and data/ai_factory_stack_i0027.tsv; Chapter 15 now has an explanatory stack diagram that preserves NVIDIA attribution and C-0021/C-0047 caveats.
I-0028	done	Snapshot OpenAI instruction-following, Model Spec, GPT-4 system card, and GPT-4o system card pages before using exact alignment-policy wording or direct quotes in Chapter 6.	assets	alignment source integrity + claim support	Done in SNAP-20260525-004 through SNAP-20260525-007 and data/source_snapshots/2026-05-25/alignment_source_snapshots_i0028_notes.md; Model Spec, GPT-4 System Card, and GPT-4o System Card were captured, while the instruction-following product post remains HTTP 403 blocked and C-0044 stays active.
I-0029	done	Find or create a clean cutoff-bounded LMArena text leaderboard archive/screenshot with category filters and top rows that excludes post-cutoff model-name contamination before final rank charts.	assets	leaderboard chart readiness + cutoff safety	Done in SNAP-20260525-008, data/lmarena_clean_cutoff_rows_i0029.tsv, and data/lmarena_clean_cutoff_i0029_notes.md; official historical dataset rows provide a clean May 19 text_style_control overall table while preserving non-live-May-24 caveats.
I-0030	rejected	Capture local HTML or screenshots for OpenAI ChatGPT product-history pages using an alternate browser workflow, prioritizing ChatGPT Plus and ChatGPT Enterprise so Chapter 7 can safely use exact quotes and quantitative claims.	assets	ChatGPT source integrity + quote readiness	Rejected in data/source_snapshots/2026-05-25/chatgpt_product_pages_i0030_browser_attempt.md: shell capture was already HTTP 403 from I-0025, and the alternate in-app browser backend returned unavailable, so no local HTML or screenshot could be produced in this pass.
I-0031	done	Pair Mistral model docs with an official pricing or API billing source and normalize Mistral pricing rows before any price-quality chart use.	data	price chart readiness + provider completeness	Done in SNAP-20260525-011, SNAP-20260525-012, data/mistral_pricing_rows_i0031.tsv, and data/mistral_pricing_i0031_notes.md; Mistral pricing is now paired and normalized, while C-0046 stays active for cutoff-status and same-scope price-rank joins.
I-0032	done	Create a Chapter 16 datacenter power and cooling evidence pack that pairs AI-factory rhetoric with grid, power-procurement, cooling, and facility-source rows before drafting physical-infrastructure prose.	sourcing	source density + infrastructure truth	Done in manuscript/16-datacenters-power-cooling-source-pack.md and data/datacenter_power_cooling_sources_i0032.tsv; added IEA, LBNL/DOE, EPRI, DOE-SEAB, and Uptime rows while preserving scenario, procurement, flexibility, and NVIDIA-triangulation caveats.
I-0033	done	Extract a quote-safe Chapter 6 alignment source table from captured OpenAI Model Spec, GPT-4 System Card, and GPT-4o System Card artifacts, while keeping the blocked instruction-following post paraphrase-only.	data	alignment quote readiness + claim support	Done in data/alignment_quote_safe_table_i0033.tsv and manuscript/06-alignment-quote-safe-table.md; captured Model Spec/system-card artifacts now have short quote candidates, while S-0074 remains paraphrase-only and C-0044 stays open.
I-0034	done	Build a sourced model-rankings chart package from the clean LMArena May 19 historical dataset rows, with chart captions that state config, category, publish date, and caveats.	visuals	leaderboard visual readiness + visual coverage	Done in assets/visual_system/lmarena-may19-text-style-control-top12.svg, data/lmarena_may19_chart_i0034.tsv, and manuscript/13-lmarena-chart-package.md; figure labels config, split, category, publish date, source ID, snapshot ID, and non-live-rank caveats.
I-0035	done	Find an auditable non-browser archive or official alternate capture path for ChatGPT Plus and ChatGPT Enterprise pages before using exact quotes, pricing wording, adoption percentages, or customer productivity claims.	sourcing	ChatGPT quote readiness + source resilience	Done in SNAP-20260525-013 through SNAP-20260525-015 and data/chatgpt_product_alternate_captures_i0035.tsv; Plus launch/pricing/benefits and Enterprise release-note feature wording are quote-ready with text-render/official-alternate caveats, while adoption, customer productivity, and original Enterprise product-post quotation claims remain blocked.
I-0036	done	Join the clean LMArena May 19 rank rows with normalized provider pricing rows into a same-scope price-quality audit table, excluding post-cutoff, batch-only, code-only, reasoning-only, and missing-price rows.	data	price-quality chart readiness + claim support	Done in data/price_quality_join_audit_i0036.tsv and data/price_quality_join_i0036_notes.md; six limited candidate rows are separated from fine-tuning, missing-price, reasoning, deprecated, model-version mismatch, and post-cutoff-price-capture exclusions, so C-0046 is narrowed but still blocks final frontier charts.
I-0037	done	Draft the Chapter 16 opening around "speed to power," using the new datacenter power/cooling evidence pack while keeping scenarios, procurement claims, and NVIDIA AI-factory rhetoric explicitly attributed.	prose	source-backed chapter momentum + infrastructure narrative	Done in manuscript/16-speed-to-power.md and promoted via champion/16-speed-to-power.md; the opening uses S-0001 and S-0083 through S-0088 to frame timing mismatch, local grid constraint, facility scale, interconnection, physical supply, and cooling without treating scenarios or NVIDIA rhetoric as independent fact.
I-0038	done	Find a browser-independent archive or official alternate for OpenAI's instruction-following product post so S-0074 can move from paraphrase-only to quote-ready evidence.	sourcing	alignment quote completeness + blocked-source resilience	Done in SNAP-20260525-016 and data/source_snapshots/2026-05-25/instruction_following_i0038_notes.md; S-0074 now has a text-render capture of the canonical official OpenAI page and data/alignment_quote_safe_table_i0033.tsv permits short quote use with renderer caveat while C-0044 remains active for final red-team/system-card/model-policy quote extraction.
I-0039	done	Design a leaderboard-methodology explainer figure that shows how Arena votes, confidence intervals, category filters, and publication dates turn into rank rows before readers see any model as "best."	visuals	ranking literacy + caveat clarity	Done in assets/visual_system/leaderboard-methodology-flow.svg, data/leaderboard_methodology_i0039.tsv, and manuscript/13-leaderboard-methodology-figure.md; the figure explains votes, config/category filters, rating uncertainty, publication date, snapshot ID, and chart permission gates before rank charts.
I-0040	done	Create a Chapter 7 quote-safe productization table from the new ChatGPT Plus and Enterprise alternate captures, separating launch date, plan price, feature wording, availability, adoption, and customer-productivity columns.	data	ChatGPT quote readiness + claim hygiene	Done in data/chatgpt_productization_quote_table_i0040.tsv; Plus launch/price/benefits and Enterprise release-note feature wording are separated from blocked adoption, public-reception, customer-productivity, named-customer, and original Enterprise product-post quotation claims.
I-0041	done	Audit Chapter 7 prose against the I-0035 quote-readiness table and replace any vague blocked-source caveats with source-specific wording.	claim_audit	source density + prose truth	Done in manuscript/07-chatgpt-interface-event.md and champion/07-chatgpt-interface-event.md; Chapter 7 now names S-0078/SNAP-20260525-013 for Plus launch/price/benefit wording, S-0089/SNAP-20260525-014 for Enterprise release-note launch/features, S-0090 for mutable Plus cross-checks only, and S-0079 as blocked for original Enterprise quotations/adoption/productivity claims.
I-0042	done	Create a Chapter 16 power-to-token flow diagram that traces electricity, interconnection, facility cooling, accelerators, inference scheduling, and token output with source IDs and caveat bands.	visuals	infrastructure clarity + visual coverage	Done in assets/visual_system/power-to-token-flow.svg, data/power_to_token_flow_i0042.tsv, and manuscript/16-power-to-token-flow.md; the figure traces electricity, interconnection, facility/cooling, accelerators, scheduling, and token output while preserving scenario, advisory, engineering-gap, and C-0021/C-0047 caveats.
I-0043	done	Audit Chapter 16 for exact quantitative claims and scenario language, turning every TWh, MW, percentage, lead-time, and PUE statement into a row-level claim table.	claim_audit	infrastructure truth + claim coverage	Done in data/chapter16_quant_claim_audit_i0043.tsv, manuscript/16-quantitative-claim-audit.md, and champion/16-quantitative-claim-audit.md; every current Chapter 16 TWh, MW, percentage, lead-time, PUE, rack-density, NVIDIA/GTC, and energy-per-token claim lane now has row-level permission or exclusion.
I-0044	done	Create a Chapter 13 caption-and-use note that pairs the leaderboard methodology figure with the historical top-row chart and states their order, caveats, and prohibited uses.	claim_audit	ranking literacy + layout readiness	Done in manuscript/13-leaderboard-caption-use-note.md and champion/13-leaderboard-caption-use-note.md; A-0014 must appear before A-0013 and the pair forbids live-rank, release-status, price-quality, task-superiority, and generic "best model" claims.
I-0045	done	Build a source table for leaderboard methodology terms: vote, prompt sample, rating, confidence interval, category filter, snapshot, publication date, and release-status caveat.	data	technical clarity + reader trust	Done in data/leaderboard_methodology_terms_i0045.tsv, manuscript/13-leaderboard-methodology-terms.md, and champion/13-leaderboard-methodology-terms.md; definitions make vote, prompt sample, rating, confidence interval, category filter, snapshot, publication date, and release-status caveat reusable while preserving C-0046 and non-live-rank caveats.
I-0046	done	Create a Chapter 7 interface-to-business timeline visual that places ChatGPT launch, Plus, plugins, Enterprise release-note entry, GPTs, and GPT-4o on one source-labeled line with blocked adoption/productivity lanes.	visuals	ChatGPT narrative clarity + visual coverage	Done in assets/visual_system/chatgpt-interface-business-timeline.svg, data/chatgpt_interface_business_timeline_i0046.tsv, manuscript/07-chatgpt-interface-business-timeline.md, and champion/07-chatgpt-interface-business-timeline.md; the visual makes the interface-to-platform sequence legible while keeping C-0010 adoption/productivity blockers visible.
I-0047	rejected	Create a Chapter 16 quantitative-claim audit table for the new power-to-token visual and speed-to-power opening, separating measured values, scenarios, advisory estimates, source caveats, and prose permission.	claim_audit	infrastructure truth + chart readiness	Rejected as superseded by promoted pass I-0043; data/chapter16_quant_claim_audit_i0043.tsv already covers manuscript/16-speed-to-power.md and data/power_to_token_flow_i0042.tsv with CH16Q-001 through CH16Q-018 for measured estimates, forecast/scenario ranges, advisory estimates, operator signals, source caveats, prose permission, NVIDIA/GTC blocked claims, and energy-per-token exclusion. Evidence recorded in data/chapter16_quant_audit_i0047_superseded_assessment.tsv.
I-0048	done	Merge the Chapter 16 quantitative audit into the speed-to-power prose as margin-note-style source cues, replacing any residual generic caveat wording with row-specific permissions from CH16Q-001 through CH16Q-018.	claim_audit	infrastructure prose truth + source readability	Done in manuscript/16-speed-to-power.md and champion/16-speed-to-power.md; compact CH16Q cues now sit beside TWh, MW, percentage, lead-time, PUE, rack-density, NVIDIA/GTC company-claim, and energy-per-token exclusion language.
I-0049	done	Create a Chapter 13 methodology glossary table that converts the I-0044 caption-use note into reusable definitions for vote, config, split, category, rating, confidence interval, publication date, snapshot, and permission gate.	data	ranking literacy + prose reuse	Done in data/leaderboard_methodology_glossary_i0049.tsv with updates to manuscript/13-leaderboard-methodology-terms.md and champion/13-leaderboard-methodology-terms.md; the supplement adds explicit config, split, category, and permission-gate rows while reusing I-0045 definitions where already covered.
I-0050	done	Create a Chapter 13 rank-row footnote microstyle guide that standardizes wording for historical slice, confidence overlap, non-live rank labels, and release-status caveats before final layout.	claim_audit	ranking literacy + layout readiness	Done in data/leaderboard_rank_row_microstyle_i0050.tsv, manuscript/13-rank-row-footnote-microstyle.md, and champion/13-rank-row-footnote-microstyle.md; approved wording now covers historical slice, config/split/category, confidence overlap, non-live rank labels, release-status caveats, price-quality blocks, task-superiority blocks, and required methodology-before-rank order.
I-0051	done	Add a Chapter 7 source-gap table for ChatGPT adoption, public reception, named-customer, and productivity claims, separating primary-source candidates, secondary triangulation needs, exact-quote blockers, and prohibited prose until C-0010 is resolved.	claim_audit	ChatGPT claim hygiene + source targeting	Done in data/chatgpt_adoption_reception_gap_i0051.tsv, manuscript/07-chatgpt-adoption-reception-gap.md, and champion/07-chatgpt-adoption-reception-gap.md; C-0010 is now decomposed into ten row-level blocker families with primary-source candidates, triangulation needs, exact-quote blockers, prohibited prose, allowed current prose, and next actions.
I-0052	rejected	Create a Chapter 16 source-cue insertion plan that maps CH16Q-001 through CH16Q-018 to exact sentences in manuscript/16-speed-to-power.md before any prose merge, preventing duplicate caveats and preserving narrative flow.	claim_audit	infrastructure prose readability + truth	Rejected as superseded by promoted pass I-0048: manuscript/16-speed-to-power.md already contains compact CH16Q cues beside the relevant sentences for CH16Q-001 through CH16Q-018, and data/chapter16_source_cue_plan_i0052_superseded_assessment.tsv records the coverage evidence. The next useful move remains I-0053's readability audit.
I-0053	done	Audit Chapter 16 after the CH16Q source-cue merge for readability, removing any cue clutter while preserving row-level permission for every exact quantitative claim.	prose	infrastructure prose beauty + truth	Done in manuscript/16-speed-to-power.md, data/chapter16_source_cue_readability_i0053.tsv, manuscript/16-source-cue-readability-audit.md, and champion/16-source-cue-readability-audit.md; adjacent source-only brackets were compacted while all CH16Q-001 through CH16Q-018 row IDs remain inline and auditable.
I-0054	done	Create a Chapter 13 final caption microcopy table for A-0013 and A-0014 that uses the I-0045/I-0049 glossary terms without repeating full caveats in every caption.	claim_audit	ranking literacy + layout polish	Done in data/leaderboard_final_caption_microcopy_i0054.tsv, manuscript/13-final-caption-microcopy.md, and champion/13-final-caption-microcopy.md; captions now separate full caption, short caption, shared footnote, paired sequence, prose transition, and prohibited caption language while preserving C-0046.
I-0055	done	Create a Chapter 13 appendix placement note that decides where the methodology figure, rank chart, glossary, and microstyle footnote belong in the final reading order.	claim_audit	ranking layout coherence + reader trust	Done in data/leaderboard_appendix_placement_i0055.tsv, manuscript/13-appendix-placement-note.md, and champion/13-appendix-placement-note.md; the reader sequence is orientation, condensed glossary, A-0014, transition, A-0013, shared footnote, prohibited-use note, and price-quality handoff.
I-0056	done	Capture or identify cutoff-compatible sources for the highest-priority C-0010 ChatGPT adoption/reception gap rows before adding any quantitative reception prose.	sourcing	ChatGPT claim support + narrative credibility	Done in data/chatgpt_adoption_reception_sources_i0056.tsv, sources.tsv, manuscript/07-chatgpt-adoption-reception-sources.md, and champion/07-chatgpt-adoption-reception-sources.md; Reuters/UBS/Similarweb, Sam Altman, Meta Stack Overflow, Chalkbeat, and existing S-0079 are now source candidates, while C-0010 remains active until local/archive capture and triangulation.
I-0057	done	Create a Chapter 16 cue-density rule that decides when CH16Q row IDs stay inline, move to a note, or collapse into a paragraph-level source note after the I-0053 readability audit.	claim_audit	infrastructure prose polish + truth	Done in data/chapter16_cue_density_rule_i0057.tsv, manuscript/16-cue-density-rule.md, and champion/16-cue-density-rule.md; CH16Q IDs stay inline for exact quantities, forecasts, advisory estimates, operator-survey signals, NVIDIA/GTC blockers, and energy-per-token exclusions, while only source-only brackets may collapse freely.
I-0058	done	Build a Chapter 16 final-note prototype that tests whether CH16Q row IDs can move from inline brackets to sidenotes or endnotes without losing exact row-level claim permission.	design	infrastructure layout polish + truth	Done in data/chapter16_final_note_prototype_i0058.tsv, manuscript/16-final-note-prototype.md, and champion/16-final-note-prototype.md; only CH16Q-003 through CH16Q-006 are accepted as a note-move test case, while CH16Q-017 and CH16Q-018 must remain inline.
I-0059	done	Apply the Chapter 13 final caption microcopy to the model-rankings appendix draft and check whether A-0014, A-0013, glossary, microstyle footnote, and prohibited-use note read in the right order.	claim_audit	ranking layout polish + reader trust	Done in manuscript/13-model-rankings-appendix.md, champion/13-model-rankings-appendix.md, and data/leaderboard_appendix_integration_i0059.tsv; the appendix now reads orientation, condensed glossary, A-0014, narrow transition, A-0013, shared footnote, prohibited-use note, then price-quality handoff while preserving C-0046.
I-0060	rejected	Create a Chapter 13 appendix integration patch that inserts the I-0055 placement sequence into manuscript/13-model-rankings-appendix.md without duplicating earlier source-package caveats.	claim_audit	ranking appendix integration + reader trust	Rejected as superseded by promoted pass I-0059; manuscript/13-model-rankings-appendix.md already contains the I-0055 sequence without duplicating earlier source-package caveats, and data/chapter13_appendix_i0060_superseded_assessment.tsv records the coverage evidence.
I-0061	done	Capture local or archive snapshots for the I-0056 ChatGPT adoption and reception source candidates, prioritizing Reuters/UBS, Sam Altman one-million-user post, Stack Overflow policy, and NYC schools reporting before any C-0010 prose merge.	sourcing	ChatGPT source integrity + C-0010 resolution	Done in data/chatgpt_adoption_reception_snapshots_i0061.tsv, data/source_snapshot_protocol.tsv, sources.tsv, claims.tsv, manuscript/07-chatgpt-adoption-reception-snapshots.md, and champion/07-chatgpt-adoption-reception-snapshots.md; Reuters/archive, Stack Overflow, Chalkbeat, X app-shell, and a readable secondary Altman embed are captured while C-0010 remains active.
I-0062	done	Use the I-0057 cue-density rule to build a Chapter 16 note-prototype acceptance checklist before moving any CH16Q IDs out of manuscript/16-speed-to-power.md.	design	infrastructure layout truth + final-note readiness	Done in data/chapter16_note_acceptance_checklist_i0062.tsv, manuscript/16-note-acceptance-checklist.md, and champion/16-note-acceptance-checklist.md; only N16-1 for CH16Q-003 through CH16Q-006 may be tested first, while CH16Q-017 and CH16Q-018 must remain inline.
I-0063	done	Render or mock a single-page Chapter 16 note layout that applies the I-0058 N16-1 prototype to the LBNL/DOE paragraph while leaving CH16Q-017 and CH16Q-018 inline.	design	infrastructure PDF readiness + claim visibility	Done in assets/visual_system/chapter16-n16-1-note-layout-mock.svg, data/chapter16_note_layout_mock_i0063.tsv, data/chapter16_note_layout_acceptance_i0063.tsv, manuscript/16-note-layout-mock.md, and champion/16-note-layout-mock.md; mock passes I-0062 while live Chapter 16 prose remains unchanged.
I-0064	done	Create a Chapter 13 layout QA checklist for the integrated leaderboard appendix, checking A-0014-before-A-0013 order, caption length, footnote proximity, and prohibited-use visibility before any PDF pass.	design	ranking PDF readiness + reader trust	Done in data/chapter13_layout_qa_checklist_i0064.tsv, manuscript/13-layout-qa-checklist.md, and champion/13-layout-qa-checklist.md; checklist gates A-0014-before-A-0013 order, glossary placement, captions, footnote proximity, prohibited-use visibility, price-quality divider, source visibility, asset legibility, and duplicate-heading cleanup.
I-0065	done	Build a source-normalization table for the I-0056 ChatGPT adoption/reception candidates, separating primary source, secondary source, archive handle, exact quote allowance, and triangulation status for each C-0010 subclaim.	data	ChatGPT claim readiness + source hygiene	Done in data/chatgpt_source_normalization_i0065.tsv, manuscript/07-chatgpt-source-normalization.md, and champion/07-chatgpt-source-normalization.md; Reuters/UBS/Similarweb, Altman/X, Stack Overflow, Chalkbeat, and Enterprise rows now have quote limits, source roles, local handles, permitted next uses, and explicit blocked prose while C-0010 remains active.
I-0066	done	Create a Chapter 7 reception chronology table from the captured I-0061 Stack Overflow and Chalkbeat sources, adding at least one additional education or workplace response source before any broad public-reception prose.	data	ChatGPT reception chronology + source breadth	Done in data/chatgpt_reception_chronology_i0066.tsv, manuscript/07-chatgpt-reception-chronology.md, champion/07-chatgpt-reception-chronology.md, sources.tsv, and claims.tsv; the chronology adds Axios Seattle and Axios JPMorgan source handles while preserving named-institution scope limits and quote blockers.
I-0067	done	Audit the I-0061 Reuters/archive and Sam Altman evidence chain for adoption-count wording, separating monthly active users, unique visitors, registered users, launch-date interval, and fastest-growing comparison before any Chapter 7 prose merge.	claim_audit	ChatGPT adoption truth + metric hygiene	Done in data/chatgpt_adoption_count_audit_i0067.tsv, manuscript/07-chatgpt-adoption-count-audit.md, champion/07-chatgpt-adoption-count-audit.md, sources.tsv, and claims.tsv; the audit separates Altman's undefined users milestone from Reuters/UBS/Similarweb MAU, daily unique visitors, and fastest-growing lanes, and adds S-0098 as a text-readable Reuters mirror handle while C-0010 remains active.
I-0068	done	Create a production-layout gate for the Chapter 16 N16-1 mock: define exact PDF/render checks for page break, sidenote proximity, line length, note collision, and continued CH16Q-017/CH16Q-018 inline visibility before any live prose merge.	design	infrastructure PDF readiness + truth	Done in data/chapter16_n16_1_production_layout_gate_i0068.tsv, manuscript/16-n16-1-production-layout-gate.md, champion/16-n16-1-production-layout-gate.md, and claims.tsv; the gate defines page-break, proximity, line-length, collision, mapping, blocker-visibility, operator-signal, no-new-claim, and A/B render checks before any live prose merge.
I-0069	done	Create a Chapter 13 leaderboard appendix pre-render fix plan that resolves the duplicate "Ranking Sources To Use" heading while preserving the I-0059 reading sequence and all I-0064 QA gates.	design	ranking appendix polish + PDF readiness	Done in manuscript/13-model-rankings-appendix.md, data/chapter13_leaderboard_prerender_fix_i0069.tsv, manuscript/13-leaderboard-prerender-fix.md, and champion/13-leaderboard-prerender-fix.md; the duplicate heading is removed while I-0059 order and I-0064 gates remain intact.
I-0070	done	Create a Chapter 7 Enterprise evidence recovery plan that searches for an archive/readable S-0079 capture and customer-side corroboration before any named-customer, uptake, productivity, or original-post quotation prose.	sourcing	ChatGPT Enterprise source recovery + C-0010 resolution	Done in data/chatgpt_enterprise_recovery_plan_i0070.tsv, manuscript/07-chatgpt-enterprise-recovery-plan.md, champion/07-chatgpt-enterprise-recovery-plan.md, and sources.tsv; S-0079 is now a readable-but-local-blocked target, S-0099/S-0100/S-0101 are candidate customer-side/triangulation lanes, and C-0010 remains active.
I-0071	done	Capture local/archive snapshots for the I-0066 Axios Seattle and Axios JPMorgan reception handles, then extract quote-safe rows before any Chapter 7 institutional-reception prose merge.	sourcing	ChatGPT reception source integrity + quote readiness	Done in data/chatgpt_reception_axios_snapshots_i0071.tsv, local text-render snapshots SNAP-20260525-022 and SNAP-20260525-023, manuscript/07-chatgpt-axios-reception-snapshots.md, and champion/07-chatgpt-axios-reception-snapshots.md; S-0096/S-0097 now support named institutional examples only.
I-0072	done	Capture a local/archive text-readable copy of S-0098 and search for primary UBS or Similarweb artifacts before any Chapter 7 sentence uses the 100M MAU, 13M daily unique visitors, or fastest-growing comparison.	sourcing	ChatGPT adoption source-chain closure + C-0010 resolution	Done in data/chatgpt_adoption_source_chain_i0072.tsv, SNAP-20260525-024, SNAP-20260525-025, manuscript/07-chatgpt-adoption-source-chain.md, champion/07-chatgpt-adoption-source-chain.md, sources.tsv, and data/chatgpt_adoption_count_audit_i0067.tsv; S-0098 is locally captured and S-0102 adds Similarweb-side corroboration, but UBS note remains uncaptured and prose must stay attributed.
I-0073	done	Run the Chapter 16 N16-1 production render comparison: produce parent/candidate page screenshots, record page-break/proximity/line-length/collision results, and decide whether CH16Q-003 through CH16Q-006 can move to N16-1 in live prose.	design	infrastructure render QA + prose merge readiness	Done in data/chapter16_n16_1_render_comparison_i0073.tsv, A-0018 parent inline SVG render, manuscript/16-n16-1-render-comparison.md, and champion/16-n16-1-render-comparison.md; comparison blocks live prose merge because evidence is mock/SVG-level, not production PDF screenshot proof.
I-0074	done	Run a Chapter 13 leaderboard appendix render QA pass that checks the I-0069 heading fix, A-0014-before-A-0013 order, footnote proximity, prohibited-use visibility, source/provenance labels, and asset legibility before any PDF promotion.	design	ranking appendix render QA + PDF readiness	Done in data/chapter13_leaderboard_render_qa_i0074.tsv, manuscript/13-leaderboard-render-qa.md, and champion/13-leaderboard-render-qa.md; text/order and SVG preflight gates pass, but PDF promotion remains blocked until a real page/spread render proves footnote proximity, prohibited-use visibility, source labels, and final-size legibility.
I-0075	done	Capture S-0079 through an archive/text-render/browser workflow and extract quote-safe Enterprise rows for launch wording, Fortune 500 registered-account definition, early-customer names, and customer-attributed productivity statements.	sourcing	ChatGPT Enterprise original-post quote readiness	Done in SNAP-20260525-026, data/chatgpt_enterprise_quote_safe_rows_i0075.tsv, manuscript/07-chatgpt-enterprise-quote-safe-rows.md, champion/07-chatgpt-enterprise-quote-safe-rows.md, sources.tsv, and the productization quote table; S-0079 is quote-ready with renderer/vendor caveats, while paid Enterprise adoption, neutral named-customer deployment, and productivity outcomes remain blocked.
I-0076	done	Extract original/current quote-safe rows from the Meta Stack Overflow generative-AI policy capture so the Chapter 7 institutional-reception sequence can distinguish Dec. 5, 2022 temporary policy wording from later edited/current policy text.	claim_audit	ChatGPT reception quote precision + prose readiness	Done in SNAP-20260525-027 through SNAP-20260525-029, data/stackoverflow_ai_policy_quote_safe_rows_i0076.tsv, manuscript/07-stackoverflow-ai-policy-quote-precision.md, champion/07-stackoverflow-ai-policy-quote-precision.md, sources.tsv, and the reception/normalization tables; S-0093 can now support one scoped Stack Overflow moderation sentence with original/current labels.
I-0077	done	Draft one cautious Chapter 7 adoption paragraph that uses the I-0067/I-0072 source chain without merging users, MAU, daily unique visitors, visits, fastest-growing comparisons, or OpenAI-confirmed adoption.	prose	ChatGPT adoption prose readiness + metric hygiene	Done in data/chatgpt_adoption_paragraph_i0077.tsv, manuscript/07-chatgpt-adoption-attributed-paragraph.md, and champion/07-chatgpt-adoption-attributed-paragraph.md; paragraph preserves users/MAU/daily-unique distinctions, Reuters/UBS/Similarweb attribution, and excludes the fastest-growing-app superlative.
I-0078	done	Run a true Chapter 16 PDF/page-image render once rendering infrastructure is available, using A-0018 and A-0017 as references but requiring actual page breaks, font metrics, figure collisions, and text extraction before N16-1 prose merge.	design	infrastructure production PDF QA + live merge readiness	Done in scripts/render_chapter16_n16_gate.py, data/chapter16_n16_1_pdf_render_qa_i0078.tsv, manuscript/16-n16-1-pdf-render-qa.md, and champion/16-n16-1-pdf-render-qa.md; the generated ignored PDFs/PNGs/text extracts prove same-page N16-1 placement, row mapping, blocker visibility, and parent/candidate reversibility for the current production-text render.
I-0079	done	Run a true Chapter 13 leaderboard appendix page/spread render using A-0014 and A-0013, then visually verify footnote proximity, prohibited-use visibility, source/provenance labels, text extraction, and final-size legibility before any PDF promotion.	design	ranking appendix production PDF QA	Done in scripts/render_chapter13_leaderboard_gate.py, data/chapter13_leaderboard_pdf_render_qa_i0079.tsv, manuscript/13-leaderboard-pdf-render-qa.md, and champion/13-leaderboard-pdf-render-qa.md; the ignored PDF/PNGs/text extract render A-0014 before A-0013, keep the A-0013 footnote/prohibited-use/price-quality guardrails visible, preserve source handles, and pass all twelve Chapter 13 layout gates with final-style caveats.
I-0080	done	Capture S-0100 PwC customer-side Enterprise press release locally and extract workforce-access, largest-user/reseller, client-services, and internal-use rows before Chapter 7 uses PwC as a neutral Enterprise customer example.	sourcing	ChatGPT Enterprise customer-side corroboration	Done in SNAP-20260525-030, data/chatgpt_enterprise_pwc_quote_safe_rows_i0080.tsv, manuscript/07-chatgpt-enterprise-pwc-rows.md, champion/07-chatgpt-enterprise-pwc-rows.md, and sources.tsv; PwC may now support a PwC-attributed Enterprise agreement/reseller/workforce-access example, while paid seats, active usage, client adoption, and productivity outcomes remain blocked.
I-0081	done	Draft one scoped Chapter 7 institutional-reception paragraph using Stack Overflow revision-1 evidence plus NYC, Seattle, and JPMorgan rows, while explicitly avoiding public-panic, all-developers, all-schools, or broad workplace-ban claims.	prose	ChatGPT reception prose readiness + scope control	Done in data/chatgpt_institutional_reception_paragraph_i0081.tsv, manuscript/07-chatgpt-institutional-reception-paragraph.md, and champion/07-chatgpt-institutional-reception-paragraph.md; the candidate paragraph adds institutional-reception texture while explicitly blocking public panic, all-developer, all-school, broad workplace-ban, permanent-ban, specific-incident, and quantified-reception claims.
I-0082	done	Integrate the I-0077 attributed adoption paragraph into the live Chapter 7 draft with compact source cues, then verify source density and metric-firewall wording survive paragraph-level editing.	prose	ChatGPT adoption live-prose integration	Done in manuscript/07-chatgpt-interface-event.md and data/chatgpt_adoption_live_integration_i0082.tsv; the live paragraph keeps Altman's users milestone separate from Reuters/UBS/Similarweb MAU and daily-unique-visitor estimates, states the estimate is not OpenAI telemetry, and preserves a 2758-word/15-cue Chapter 7 density check.
I-0083	done	Integrate N16-1 into live Chapter 16 prose for only the LBNL/DOE paragraph, then rerun scripts/render_chapter16_n16_gate.py and reject the merge if same-page placement, CH16Q-003 through CH16Q-006 mapping, CH16Q-017/CH16Q-018 inline visibility, or no-new-quant checks fail.	prose	Chapter 16 cue cleanup after production-text render gate	Done in manuscript/16-speed-to-power.md, data/chapter16_n16_1_live_pdf_render_qa_i0083.tsv, manuscript/16-n16-1-live-pdf-render-qa.md, and champion/16-n16-1-live-pdf-render-qa.md; only CH16Q-003 through CH16Q-006 moved into N16-1, the rerendered gate passed all ten rows, CH16Q-017/CH16Q-018/CH16Q-015/CH16Q-016 stayed inline, and no new quantitative claim row was introduced.
I-0084	done	Add an automated render-output smoke test for Chapter 13 and Chapter 16 PDF scripts that rejects blank/black SVG rasters, missing figure colors, missing extracted guardrail text, and oversized unignored render artifacts before future render-QA passes are promoted.	design	render QA robustness + visual failure prevention	Done in scripts/render_smoke.py, scripts/render_chapter13_leaderboard_gate.py, scripts/render_chapter16_n16_gate.py, data/chapter13_leaderboard_pdf_render_qa_i0079.tsv, and data/chapter16_n16_1_live_pdf_render_qa_i0083.tsv; both render gates now append RENDER-SMOKE rows for required guardrail text, image color/blankness statistics, and ignored-heavy-artifact checks, with zero smoke failures after rerun.
I-0085	done	Capture an independent or OpenAI-side corroboration source for PwC's first-reseller/largest-user ChatGPT Enterprise framing before Chapter 7 upgrades the S-0100 language from PwC-attributed announcement to neutral market/customer claim.	sourcing	Enterprise PwC corroboration + superlative safety	Done in S-0103/SNAP-20260525-031, data/chatgpt_enterprise_pwc_corroboration_i0085.tsv, manuscript/07-chatgpt-enterprise-pwc-corroboration.md, and champion/07-chatgpt-enterprise-pwc-corroboration.md; TechCrunch independently reported the deal and quoted an OpenAI alliances executive confirming largest-customer and first-reselling-partner framing, while pricing, revenue, active usage, paid seats, productivity, and global rollout remain blocked.
I-0086	done	Integrate the I-0081 institutional-reception paragraph into live Chapter 7 only after placing compact source cues beside Stack Overflow, NYC, Seattle, and JPMorgan claims and verifying the negative-control sentence still blocks broad public-reception prose.	prose	Chapter 7 reception live-prose integration	Done in manuscript/07-chatgpt-interface-event.md and data/chatgpt_institutional_reception_live_integration_i0086.tsv; source cues sit beside Stack Overflow, NYC/Chalkbeat, Seattle/Axios, and JPMorgan/Axios claims, Chapter 7 density is 2959 words/18 cues, and the negative-control sentence remains intact.
I-0087	done	After the Chapter 7 adoption and institutional-reception integrations, run a paragraph-level Chapter 7 source-density/readability audit that identifies overlong source notes, duplicate caveats, and any remaining C-0010 blocker text that should move into notes without weakening claim traceability.	claim_audit	Chapter 7 readability after source-cue integrations	Done in data/chatgpt_ch7_readability_audit_i0087.tsv and manuscript/07-chatgpt-source-density-readability-audit.md; Chapter 7 source density is healthy at 2837 body words / 18 cue brackets / 157.6 words per cue, while the opener and Enterprise paragraphs need a later note cleanup and stale S-0079 permission update.
I-0088	done	Run a Chapter 16 note-system follow-up audit that checks whether N16-1 creates a reusable note pattern for later CH16Q clusters without moving operator-survey, energy-per-token exclusion, or NVIDIA/GTC blocker rows prematurely.	claim_audit	Chapter 16 note-system transfer check	Done in data/chapter16_note_system_transfer_audit_i0088.tsv and manuscript/16-note-system-transfer-audit.md; N16-1 is approved only as a measured/scenario same-family note pattern, CH16Q-015/016 require a separate operator-survey N16-3 prototype, and CH16Q-017/018 remain inline guardrails.
I-0089	done	Add a tiny negative fixture or forced-failure mode for scripts/render_smoke.py so future maintainers can prove blank/black images, missing guardrail text, and unignored-large-artifact failures are caught without corrupting real render outputs.	design	render smoke regression fixture	Done in scripts/render_smoke.py with --self-test-negative and recorded in data/render_smoke_negative_fixture_i0089.tsv; the forced-failure mode catches missing guardrail text, a black page image, and an unignored large artifact, then cleans temporary files and leaves real render outputs untouched.
I-0090	done	Integrate a single attributed PwC Enterprise sentence into live Chapter 7 only if it cites S-0100 and S-0103 together and preserves blockers for pricing, revenue, active usage, paid seats, global rollout, client adoption, and productivity outcomes.	prose	Chapter 7 Enterprise corroboration live-prose integration	Done in manuscript/07-chatgpt-interface-event.md and data/chatgpt_enterprise_pwc_live_integration_i0090.tsv; one attributed PwC/TechCrunch/OpenAI-executive sentence cites S-0100 and S-0103 together, labels 100000 users as coverage/access scale, and keeps pricing, revenue, active usage, paid seats, global rollout, client adoption, and productivity blockers visible.
I-0091	done	Create a compact Chapter 7 opening source-note cleanup plan after the adoption, reception, and PwC integrations so the live chapter can move long source-note caveats into nearby paragraph-level notes without weakening C-0010 blockers.	claim_audit	Chapter 7 source-note cleanup readiness	Done in data/chatgpt_ch7_source_note_cleanup_plan_i0091.tsv, manuscript/07-chatgpt-source-note-cleanup-plan.md, and champion/07-chatgpt-source-note-cleanup-plan.md; plan splits the opener into global, productization, adoption, reception, and Enterprise lanes while preserving C-0010 blocker visibility.
I-0092	done	Draft a full 3500-5000 word Chapter 1 opening on early language modeling, embeddings, seq2seq, and attention using already ledgered sources where possible and adding a claim-audit table for any new technical claims.	prose	major word-count growth + opening narrative foundation	Done in manuscript/01-before-the-transformer.md with champion copy and data/chapter1_early_lm_claim_audit_i0092.tsv; added S-0104 through S-0107 for Bengio, word2vec, seq2seq, and Bahdanau attention, while reusing S-0002 for the Transformer bridge.
I-0093	done	Draft a full 3500-5000 word Chapter 2 Transformer chapter that explains attention, scaling usefulness, and why the architecture became the substrate for LLMs, with diagrams queued for attention flow and model-stack views.	prose	major technical spine chapter	Done in manuscript/02-attention-catches-fire.md, data/chapter2_transformer_claim_audit_i0093.tsv, and data/chapter2_transformer_diagram_queue_i0093.tsv; added S-0108 Google Research commentary and queued annotated block, recurrence-vs-attention, and model-stack visuals.
I-0094	done	Draft a full 3500-5000 word Chapter 3 scaling-laws chapter using source-backed narrative plus a chart plan for loss, compute, data, and parameter tradeoffs without unsupported frontier extrapolation.	prose	major scaling-laws chapter + chart pipeline	Done in manuscript/03-scaling-bet.md, data/chapter3_scaling_claim_audit_i0094.tsv, and data/chapter3_scaling_chart_plan_i0094.tsv; draft separates measured, modeled, interpretive, blocked, and chart-queued scaling claims.
I-0095	done	Expand Chapter 5 from GPT-1-to-GPT-3 sidecar into a 4500-6000 word live narrative chapter with source cues, GPT lineage table integration, and a clear ending that hands off to instruction tuning.	prose	major existing-chapter expansion	Done in manuscript/05-gpt-1-to-gpt-3-door-opens.md and data/chapter5_gpt_lineage_claim_audit_i0095.tsv; Chapter 5 now has 5288 words, 32 source-cue brackets, lineage-table prose integration, and an instruction-tuning handoff while preserving C-0029 blockers.
I-0096	done	Expand Chapter 6 into a 4000-5500 word RLHF/instruction-tuning chapter that integrates the alignment pipeline visual and the quote-safe alignment table into continuous prose.	prose	major alignment chapter expansion	Done in manuscript/06-alignment-enters-product.md and data/chapter6_alignment_claim_audit_i0096.tsv; Chapter 6 now has 5000 words, 33 source-cue brackets, integrated Figure 6.1 pipeline prose, quote-safe table language, and an explicit ChatGPT handoff while preserving C-0044 blockers.
I-0097	done	Grow Chapter 7 ChatGPT into a 5000-6500 word polished chapter by integrating the Enterprise/PwC sentence, reducing source-note clutter, and adding a stronger chapter ending without adding unsupported reception claims.	prose	major ChatGPT chapter completion push	Done in manuscript/07-chatgpt-interface-event.md and data/chapter7_chatgpt_completion_audit_i0097.tsv; Chapter 7 now has 5000 words, 21 source-cue brackets, localized source caveats, preserved Enterprise/PwC attribution, and a stronger race-trigger ending without unsupported reception claims.
I-0098	done	Expand Chapter 13 model-rankings appendix into a 3500-4500 word chapter section and add three lightweight SVG/table visuals: methodology flow, historical rank slice, and price-quality exclusion map.	visual+prose	chart-count growth + rankings explanation	Done in manuscript/13-model-rankings-appendix.md with 3741 words, data/chapter13_visual_sequence_i0098.tsv, data/chapter13_price_quality_exclusion_map_i0098.tsv, data/chapter13_rankings_expansion_claim_audit_i0098.tsv, and new A-0019 price-quality exclusion map; existing A-0014 and A-0013 were integrated as the first two visual slots.
I-0099	done	Build a five-visual Chapter 16 infrastructure package: power-to-token stack, data-center load scenarios, interconnection queue schematic, cooling/rack-density note, and clean-power-vs-physical-supply distinction.	visual	chart-count jump + infrastructure clarity	Done in manuscript/16-infrastructure-visual-package.md and data/chapter16_infrastructure_visual_package_i0099.tsv; reused existing A-0015 power-to-token stack and added A-0020 through A-0023 for load scenarios, interconnection queue, cooling/rack-density, and clean-procurement versus physical-supply distinction.
I-0100	done	Expand Chapter 16 Speed To Power to 5000-6500 words using the existing infrastructure source pack, N16-1 note, and visual package, while preserving all CH16Q blockers.	prose	major infrastructure chapter expansion	Done in manuscript/16-speed-to-power.md and data/chapter16_expansion_claim_audit_i0100.tsv; Chapter 16 now has 5002 words, 27 source/claim cues, A-0015/A-0020/A-0021/A-0022/A-0023 integration notes, N16-1 preserved, and CH16Q blockers intact.
I-0101	done	Use GTC-2026-Keynote.pdf to build a Chapter 15 visual/source pack with at least six slide-derived lightweight diagrams or figure slots, each with page-level provenance and blocked NVIDIA-claim labels.	visual+sourcing	major GTC visual pipeline	Done in manuscript/15-gtc-2026-visual-source-pack-i0101.md, data/chapter15_gtc_visual_source_pack_i0101.tsv, and A-0024 through A-0029; all six cards derive from existing GTC page provenance and preserve C-0047 blocker labels.
I-0102	done	Expand Chapter 15 NVIDIA/GTC into a 4500-6000 word chapter draft that uses the GTC source pack to explain AI factory rhetoric, GB200/B200/Vera Rubin roadmap framing, and claim-labeling caveats.	prose	major NVIDIA chapter expansion	Done in manuscript/15-gtc-2026-ai-factory-sells-itself.md and data/chapter15_gtc_expansion_claim_audit_i0102.tsv; Chapter 15 is now 4500 words with 47 source/asset/claim cues and A-0012/A-0024 through A-0029 integrated while C-0021/C-0047 remain active.
I-0103	done	Draft a 3500-5000 word Claude/Anthropic chapter section covering constitutional AI, Claude model line, and Claude Code/coding-agent implications, with source capture rows for any missing model/date claims.	prose	mandatory Anthropic/Claude spine chapter	Done in manuscript/12-anthropic-and-claude-spine-section.md with local Anthropic source assets, a claim audit, source-capture rows, and a champion marker; promoted as a spine section without altering the 24-chapter count pending a continuity pass.
I-0104	done	Draft a 3500-5000 word Meta/Llama/open-weights chapter section with a family-tree visual plan and claim rows separating release, license, benchmark, and ecosystem claims.	prose+visual	mandatory open-weights chapter + diagram target	Done in manuscript/10-meta-llama-open-weight-shock.md with A-0030 Llama family open-weight map, local Meta/arXiv source assets, hash provenance, and claim rows separating release, license, benchmark, ecosystem, safety, adoption, and price-quality claims.
I-0105	done	Draft a 3500-5000 word China/open-models chapter section covering Qwen, DeepSeek, GLM/Z.ai, Kimi, MiniMax, Baidu, Tencent, Xiaomi MiMo, and StepFun only where cutoff-supported, with a source-gap table for missing rows.	prose+sourcing	mandatory China/top-labs chapter	Done in manuscript/11-chinese-frontier-open-models.md with A-0031 source-permission map, six local arXiv source assets, claim audit, hash table, and source-gap rows for unsupported labs/version names.
I-0106	pending	Create a full-book progress dashboard that ranks chapters by current word count, source density, visual count, claim blockers, and next best growth action so future passes prioritize real book progress over tiny safety chores.	claim_audit	project acceleration dashboard	The loop needs a stronger steering instrument: after adding growth tasks, a dashboard can keep tomorrow's LLM aimed at word count, visuals, and mandatory-spine gaps.
I-0107	pending	Draft a 3500-5000 word coding-agents chapter section covering SWE-bench, LiveCodeBench, harnesses, tool use, and Claude Code-style workflows with a claim audit separating benchmark results from deployed productivity.	prose	mandatory coding-agents chapter	The mandatory spine requires coding agents and SWE automation; existing benchmark cautions need to become a real narrative chapter.
I-0108	pending	Create a 4-visual coding-agent evaluation package: harness loop, benchmark caveat matrix, tool-call lifecycle, and productivity-claim exclusion map.	visual	chart-count growth + coding-agent clarity	Visual count remains far below the 80-100 target, and coding-agent claims need diagrams that keep benchmark and productivity evidence separate.
I-0109	pending	Build a source-gap and claim-permission table for Anthropic/Claude/Claude Code covering constitutional AI, Claude model releases, Claude Code, pricing/context claims, and coding-agent evidence.	sourcing	prepare Anthropic chapter safely	The Anthropic chapter is next in the mandatory spine, but it needs source-gap mapping before prose can avoid unsupported model/date/product claims.
I-0110	pending	Create a chapter-order and continuity audit that checks current 24-chapter spine against drafted chapters, missing mandatory topics, visual distribution, and handoff quality from Chapter 1 through Chapter 16.	claim_audit	full-book structural steering	After several growth passes, the loop needs a continuity audit to prevent local chapter improvements from leaving mandatory-spine holes or weak transitions.
