timestamp	action_id	parent	idea_id	category	primary_score_delta	bookscore	word_count	chapter_count	chart_count	photo_count	source_count	claim_coverage	novelty_score	regression_flags	verdict	reason	budget_used
2026-05-24T22:32:17+02:00	pass-0001	empty champion	I-0001	structure	+6.0	18.0	0	24	0	0	10	outline claims seeded	+2	none	promoted	Created and promoted the first exact 24-chapter master outline; it covers the mandatory topic spine and gives future source, visual, and chapter passes a concrete target.	one structure pass
2026-05-24T22:44:00+02:00	pass-0002	champion outline	I-0002	sourcing	+4.0	22.0	0	24	0	0	43	source map seeded	+3	none	promoted	Created the first book-wide source map and expanded primary-source coverage across origins, OpenAI, Anthropic, Google, Meta, Chinese labs, benchmarks, compute, data, agents, and economics; marked unsupported frontier-release names as verification gaps.	one source-map pass
2026-05-24T23:05:00+02:00	pass-0003	champion outline and source map	I-0003	narrative	+5.0	27.0	2295	24	0	0	47	first chapter draft seeded	+2	needs later reception sourcing	promoted	Drafted and promoted the first sourced ChatGPT chapter as an interface-event narrative; avoided unsupported adoption numbers and added explicit verification tasks for reception chronology and source snapshots.	one chapter-draft pass
2026-05-24T23:28:00+02:00	pass-0004	champion outline and source map	I-0004	topic	+5.0	32.0	4359	24	0	0	55	first coding-agent chapter seeded	+2	benchmark numbers need harness checks	promoted	Drafted and promoted the first sourced Claude Code/coding-agents chapter; framed agentic coding as repository workflow rather than benchmark triumphalism and refilled the idea queue with snapshot and GPT-origin follow-ups.	one chapter-draft pass
2026-05-24T23:49:00+02:00	pass-0005	champion outline and source map	I-0005	visuals	+4.0	36.0	4359	24	3	0	55	visual manifest seeded	+2	needs render integration	promoted	Created and promoted the first visual grammar with three manifest-tracked SVG prototypes for chronology rails, agent workflow loops, and tradeoff curves; set a target allocation within the hard visual ranges.	one visual-system pass
2026-05-24T23:58:00+02:00	pass-0006	champion outline, source map, visual grammar	I-0006	data	+4.0	40.0	4359	24	3	0	63	model-ranking appendix seeded	+2	live ranks/prices need local capture	promoted	Created and promoted the first model-rankings appendix package with source registry, provisional matrix, and 2026-05-24 snapshot notes; blocked exact leaderboard and price-quality claims until local captures exist.	one data-appendix pass
2026-05-24T23:59:00+02:00	pass-0007	champion outline, source map, visual grammar	I-0007	assets	+4.0	44.0	4359	24	3	6	68	GTC source and asset pack seeded	+3	no rendered slide images committed	promoted	Created and promoted the first NVIDIA GTC 2026 source/asset pack with local PDF metadata, page-level notes, fact-status labels, official source rows, and planned slide slots A-0004 through A-0009.	one source-asset pass
2026-05-24T23:59:30+02:00	pass-0008	champion title	I-0008	positioning	+2.0	46.0	4359	24	3	6	68	title test seeded	+1	editorial judgment needs later reader test	promoted	Tested five alternate prize-book title/subtitle packages against FT/Pulitzer/Goodreads/canon criteria; retained Next Token as champion and preserved The Language Machine as the best fallback.	one positioning pass
2026-05-24T23:59:45+02:00	pass-0009	champion source map and model-ranking appendix	I-0009	sourcing	+3.0	49.0	4359	24	3	6	68	snapshot protocol seeded	+1	none	promoted	Created and promoted a reusable source-snapshot protocol for mutable model cards, docs, pricing pages, leaderboards, dashboards, repositories, and local PDFs; seeded planned snapshot rows and quote-limit rules so exact claims and charts cannot silently inherit live-page drift.	one sourcing-protocol pass
2026-05-24T23:59:55+02:00	pass-0010	champion outline, ChatGPT chapter, coding-agents chapter	I-0010	narrative	+5.0	54.0	6251	24	3	6	71	third chapter draft seeded	+2	exact API/Copilot usage figures need snapshots	promoted	Drafted and promoted Chapter 5, linking GPT-1, GPT-2, GPT-3, OpenAI API distribution, Codex, and GitHub Copilot as the path from generative pretraining to prompting, platform access, and code as executable language.	one chapter-draft pass
2026-05-24T23:59:59+02:00	pass-0011	model-ranking appendix and snapshot protocol	I-0011	assets	+3.0	57.0	6251	24	3	6	71	five HTML snapshots captured; OpenAI blocked	+1	OpenAI API pricing shell capture returned HTTP 403	promoted	Captured local HTML snapshots for LMArena, Anthropic Claude pricing, Gemini pricing, xAI models/pricing, and Mistral model docs; recorded OpenAI API pricing as browser-readable but shell-blocked and queued a targeted screenshot/alternate-capture follow-up.	one source-capture pass
2026-05-24T23:59:59+02:00	pass-0012	GTC 2026 source/asset pack	I-0012	assets	+3.0	60.0	6251	24	3	6	71	six GTC slide renders available locally	+1	raster PNGs ignored; slide claims still need caption caveats	promoted	Rendered local private-use PNGs for GTC 2026 keynote pages 29, 45, 46, 49, 50, and 51; updated asset manifest rows A-0004 through A-0009 and committed a lightweight render ledger with hashes, dimensions, file sizes, and source-PDF provenance while keeping heavyweight rasters out of Git.	one render/provenance pass
2026-05-24T23:59:59+02:00	pass-0013	champion title-positioning pass	I-0013	positioning	+2.0	62.0	6251	24	3	6	71	reader-test protocol seeded	+1	no real reader data yet	promoted	Created a future title/subtitle reader-test protocol with audience segments, blind/randomized prompts, post-excerpt truth scoring, recall checks, misdirection-risk flags, and promotion gates; preserves Next Token until evidence beats the current champion.	one positioning-protocol pass
2026-05-24T23:59:59+02:00	pass-0014	champion ledgers and manuscript files	I-0014	data	+3.0	65.0	6251	24	3	6	71	dashboard: 26 supported / 9 needs-verification	+1	none; dashboard exposes risks	promoted	Built a claim-coverage dashboard, chapter source-density table, and prioritized verification queue from claims.tsv, sources.tsv, snapshot protocol rows, asset manifest rows, and manuscript files; promoted because it turns unsupported claims, mutable-source gaps, and prose-density drift into a repeatable quality gate.	one data-dashboard pass
2026-05-24T23:59:59+02:00	pass-0015	champion Chapter 5 draft and visual grammar	I-0015	visuals	+3.0	68.0	6326	24	4	6	71	GPT lineage visual A-0010 added	+2	none; caveats preserved	promoted	Created a Chapter 5 GPT lineage visual table and lightweight SVG showing GPT-1, GPT-2, GPT-3, OpenAI API, Codex, and GitHub Copilot by year, mechanism, interface shift, source IDs, and caveats; promoted because it turns the chapter's interface-conversion argument into an auditable figure without adding unsupported quantitative claims.	one visual-table pass
2026-05-25T00:00:00+02:00	pass-0016	champion model-ranking appendix and snapshot protocol	I-0016	assets	+2.0	70.0	6326	24	4	6	72	32 supported / 8 needs-verification; OpenAI alternate docs captured	+1	post-cutoff capture cannot support May 24 exact prices	promoted	Captured official OpenAI developer-docs pricing HTML as SNAP-20260525-001 after the canonical OpenAI pricing page still returned HTTP 403 and the browser screenshot backend was unavailable; promoted because it resolves the no-local-capture gap while preserving cutoff and row-normalization caveats for exact price charts.	one source-capture pass
2026-05-25T00:35:00+02:00	pass-0017	champion GTC 2026 source pack and render ledger	I-0017	assets	+2.0	72.0	6326	24	4	6	72	33 supported / 8 needs-verification; six GTC slide captions caveated	+1	performance, availability, roadmap, and partner claims still need corroboration before prose/chart use	promoted	Created final working captions and claim-caveat notes for GTC slide assets A-0004 through A-0009 after extracting exact text from local PDF pages 29, 45, 46, 49, 50, and 51; promoted because the slides can now enter Chapter 15 layout planning without silently converting NVIDIA roadmap or performance claims into neutral facts.	one caption/provenance pass
2026-05-25T01:05:00+02:00	pass-0018	champion outline, Chapter 5, and Chapter 7	I-0018	narrative	+5.0	77.0	8726	24	4	6	77	35 supported / 9 needs-verification; Chapter 6 draft seeded	+2	source snapshots needed before exact quotations or policy wording	promoted	Drafted Chapter 6, Alignment Enters the Product, connecting InstructGPT, RLHF, human preferences, Constitutional AI, refusals, Model Spec behavior, system cards, red teams, and evaluation loops as the bridge from raw completion to assistant behavior without turning the chapter into regulation.	one chapter-draft pass
2026-05-25T01:32:00+02:00	pass-0019	champion claim dashboard and snapshot protocol	I-0019	claim_audit	+2.0	79.0	8726	24	4	6	77	38 supported / 9 needs-verification; stale blockers replaced	+1	exact rank, price-quality, and GTC quantitative claims still blocked pending normalization/triangulation	promoted	Audited high-risk C-0017, C-0018, C-0021, C-0031, and C-0033 against local snapshots, OpenAI alternate capture, and GTC caption/page notes; promoted because it retires stale capture/exact-wording blockers and replaces them with sharper row-normalization and independent-triangulation blockers before final charts.	one claim-audit pass
2026-05-25T01:58:00+02:00	pass-0020	champion Chapter 7 source-density dashboard	I-0020	sourcing	+2.0	81.0	8868	24	4	6	79	39 supported / 9 needs-verification; Chapter 7 density fixed	+1	exact ChatGPT adoption and enterprise productivity figures remain snapshot-gated	promoted	Added official ChatGPT Plus and ChatGPT Enterprise product-evolution sources to Chapter 7, improving the chapter from slightly sparse to target-band source density while preserving caveats around exact adoption, pricing, availability, and customer productivity claims.	one source-density pass
2026-05-25T02:18:00+02:00	pass-0021	champion model-ranking appendix and OpenAI pricing snapshot	I-0021	data	+2.0	83.0	8868	24	4	6	79	40 supported / 9 needs-verification; OpenAI pricing rows normalized with cutoff caveats	+1	exact OpenAI prices still not May 24 truth; price-quality charts still blocked under C-0046	promoted	Normalized visible OpenAI pricing rows from SNAP-20260525-001 into a reusable TSV with cutoff-status fields, chart-readiness labels, and explicit exclusions for post-cutoff model names; promoted because it turns a captured page into auditable data without weakening the May 24 cutoff.	one pricing-normalization pass
2026-05-25T02:48:00+02:00	pass-0022	champion GTC 2026 source pack and Chapter 15 opening	I-0022	narrative	+5.0	88.0	10535	24	4	6	79	41 supported / 9 needs-verification; Chapter 15 opening drafted with GTC caveats	+2	NVIDIA performance, roadmap, partner, availability, and deployment claims remain attributed and blocked under C-0021/C-0047	promoted	Drafted the Chapter 15 opening around NVIDIA's AI factory thesis using the captioned GTC slide pack and official NVIDIA source rows; promoted because it turns the source pack into narrative momentum while preserving attribution and avoiding promotional overclaiming.	one chapter-opening pass
2026-05-25T03:18:00+02:00	pass-0023	champion Chapter 6 draft and visual grammar	I-0023	visuals	+3.0	91.0	10548	24	5	6	79	42 supported / 9 needs-verification; RLHF alignment visual A-0011 added	+2	exact Chapter 6 policy wording and red-team/source quotations still blocked under C-0044	promoted	Created a source-bearing RLHF/alignment pipeline SVG and companion table for Chapter 6, showing assistant behavior as a layered product stack of pretraining, demonstrations, comparisons, reward modeling, RL optimization, Constitutional AI/RLAIF, behavior specs, red teams, and evals; promoted because it adds technical clarity without claiming alignment is solved.	one visual-table pass
2026-05-25T03:49:00+02:00	pass-0024	champion model-ranking appendix and LMArena snapshot	I-0024	data	+2.0	93.0	10548	24	5	6	79	43 supported / 9 needs-verification; LMArena rows normalized with cutoff-contamination caveat	+1	exact LMArena ranks still blocked under C-0045 until clean cutoff capture or corroborating archive	promoted	Normalized a conservative visible-order subset from SNAP-20260524-001 and documented post-cutoff-looking model-name contamination in the captured LMArena HTML; promoted because it turns the snapshot into auditable filter data without pretending polluted rows are final May 24 rank truth.	one leaderboard-normalization pass
2026-05-25T04:20:00+02:00	pass-0025	champion Chapter 7 source-density dashboard	I-0025	assets	+2.0	95.0	10548	24	5	6	79	44 supported / 9 needs-verification; ChatGPT product pages shell-blocked and caveated	+1	exact ChatGPT Plus/Enterprise quotes, pricing, adoption, availability, and customer productivity claims remain blocked	promoted	Attempted local shell HTML capture for ChatGPT Plus and ChatGPT Enterprise pages, recorded HTTP 403 capture notes, and verified browser-readable official page structure; promoted because it preserves Chapter 7's structural product-evolution sourcing while keeping exact claims gated.	one source-capture pass
2026-05-25T04:52:00+02:00	pass-0026	champion model-ranking appendix and provider pricing snapshots	I-0026	data	+2.0	97.0	10548	24	5	6	79	45 supported / 9 needs-verification; provider pricing rows normalized with caveats	+1	price-quality charts still blocked under C-0046; Mistral pricing source still missing	promoted	Normalized candidate Claude, Gemini, and xAI pricing rows from local cutoff-day snapshots, recorded Mistral as a model-docs-only no-pricing row, and preserved batch/cache/tier caveats before any price-quality chart use.	one provider-pricing pass
2026-05-25T05:24:00+02:00	pass-0027	champion Chapter 15 GTC opening and visual grammar	I-0027	visuals	+3.0	100.0	10612	24	6	6	79	46 supported / 9 needs-verification; AI factory stack visual A-0012 added	+2	NVIDIA performance, revenue, partner, roadmap, availability, and deployment claims still blocked under C-0021/C-0047	promoted	Created a sourced Chapter 15 AI factory stack SVG and companion table separating NVIDIA's GTC framing from model serving, accelerators, networking, data movement, facilities, and token economics; promoted because it improves technical clarity without relying on promotional slide ratios as facts.	one visual-table pass
2026-05-25T05:56:00+02:00	pass-0028	champion Chapter 6 alignment draft and snapshot protocol	I-0028	assets	+2.0	100.0	10612	24	6	6	79	47 supported / 9 needs-verification; Model Spec and GPT-4/GPT-4o system cards captured, instruction-following post blocked	+1	S-0074 still HTTP 403 to shell capture; exact Chapter 6 instruction-following quotations and labeler-process wording remain blocked under C-0044	promoted	Captured local official OpenAI artifacts for the 2024-05-08 Model Spec, GPT-4 System Card, and GPT-4o System Card, recorded the instruction-following product post as a 403 capture note, and preserved quote-limit gates before exact alignment-policy wording enters prose.	one source-capture pass
2026-05-25T06:30:00+02:00	pass-0029	champion model-ranking appendix and LMArena source pack	I-0029	assets	+2.0	100.0	10612	24	6	6	80	49 supported / 8 needs-verification; clean LMArena historical dataset rows captured and normalized	+2	LMArena chart captions must say text_style_control overall rows published 2026-05-19, not live May 24 ranks	promoted	Captured the official Arena/LMArena Hugging Face historical leaderboard dataset endpoint, normalized 100 text_style_control overall rows all published 2026-05-19, and retired C-0045's clean-row blocker while preserving date/config/category caveats.	one leaderboard-source pass
2026-05-25T07:02:00+02:00	pass-0030	champion Chapter 7 source-density dashboard	I-0030	assets	+0.0	100.0	10612	24	6	6	80	49 supported / 8 needs-verification; ChatGPT product-page browser retry unavailable	+0	S-0078 and S-0079 remain blocked for exact quotes, pricing wording, adoption percentages, customer productivity claims, and detailed availability language	rejected	Attempted the alternate in-app browser workflow for ChatGPT Plus and ChatGPT Enterprise after prior shell HTTP 403 captures, but the browser backend was unavailable and no local HTML or screenshot could be created; rejected because it produced no promotable source artifact, while the failure evidence redirects the next attempt toward archive or official alternate capture paths.	one rejected source-capture pass
2026-05-25T07:38:00+02:00	pass-0031	champion model-ranking appendix and provider pricing snapshots	I-0031	data	+2.0	100.0	10612	24	6	6	82	50 supported / 8 needs-verification; Mistral pricing captured and normalized with cutoff caveats	+1	C-0046 remains active for model cutoff-status checks, provider billing semantics, and same-scope rank-price joins	promoted	Captured official Mistral pricing pages from mistral.ai and docs.mistral.ai, normalized 10 candidate Mistral rows with API endpoints and input/output token prices, and removed the missing-Mistral-pricing-source blocker while keeping final price-quality charts gated.	one provider-pricing pass
2026-05-25T08:18:00+02:00	pass-0032	champion Chapter 16 infrastructure source pack	I-0032	sourcing	+2.0	100.0	10612	24	6	6	88	51 supported / 8 needs-verification; datacenter power/cooling source pack added	+2	C-0021/C-0047 remain active for NVIDIA-specific roadmap, performance, partner, availability, and deployment triangulation	promoted	Added independent IEA, LBNL/DOE, EPRI, DOE-SEAB, and Uptime evidence for Chapter 16 demand, grid bottlenecks, physical supply, facility scale, flexibility, cooling, and rack-density caution; scenarios and procurement claims remain attributed rather than deterministic.	one datacenter infrastructure sourcing pass
2026-05-25T09:06:00+02:00	pass-0033	champion Chapter 6 alignment draft and snapshots	I-0033	data	+2.0	100.0	10612	24	6	6	88	52 supported / 8 needs-verification; quote-safe alignment table added	+1	C-0044 remains active because S-0074 is still HTTP 403 blocked for exact instruction-following product-post quotations and labeler-process wording	promoted	Extracted a conservative quote-safe table from captured OpenAI Model Spec, GPT-4 System Card, and GPT-4o System Card artifacts, preserving first-party attribution and keeping the blocked instruction-following post paraphrase-only.	one alignment quote-table pass
2026-05-25T09:42:00+02:00	pass-0034	champion model-ranking appendix and LMArena source pack	I-0034	visuals	+2.0	100.0	10612	24	7	6	88	53 supported / 8 needs-verification; LMArena historical chart A-0013 added	+2	Chart is historical text_style_control overall rows published 2026-05-19, not a live May 24 leaderboard or price-quality claim	promoted	Created a sourced lightweight SVG chart and companion data table from the clean official LMArena/Arena historical dataset rows, with visible config, split, category, publish date, source ID, snapshot ID, confidence ticks, and caveats.	one leaderboard-chart pass
2026-05-25T10:18:00+02:00	pass-0035	champion Chapter 7 source-density dashboard	I-0035	sourcing	+2.0	100.0	10612	24	7	6	88	54 supported / 8 needs-verification; ChatGPT Plus and Enterprise alternate text-render captures added	+1	C-0010 remains active for adoption, public reception, customer-productivity, original Enterprise product-post quotations, and named-customer claims	promoted	Captured a text-render snapshot of an official OpenAI ChatGPT Plus blog URL variant and official OpenAI Help Center alternates for ChatGPT release notes and Plus plan description; promoted because Chapter 7 can now use quote-safe structural product-evolution facts without pretending the original Enterprise page or adoption metrics are fully captured.	one alternate source-capture pass
2026-05-25T10:52:00+02:00	pass-0036	champion model-ranking appendix and provider pricing audit	I-0036	data	+2.0	100.0	10612	24	7	6	90	55 supported / 8 needs-verification; same-scope price-quality audit table added	+1	C-0046 remains active because a final price-quality frontier still needs broader same-scope coverage, Mistral cutoff-price corroboration, and OpenAI standard inference rows	promoted	Joined clean LMArena May 19 rank rows to normalized provider pricing rows in an audit table that identifies six limited candidate rows and explicitly excludes fine-tuning, missing-price, reasoning, deprecated, model-version mismatch, and post-cutoff-price-capture traps before charting.	one price-quality audit pass
2026-05-25T11:31:00+02:00	pass-0037	champion Chapter 16 speed-to-power opening	I-0037	prose	+3.0	100.0	11734	24	7	6	90	56 supported / 8 needs-verification; Chapter 16 opening drafted at 1092 words with 7 source refs	+2	C-0021/C-0047 remain active for NVIDIA AI-factory performance, roadmap, partner, deployment, and availability claims; Chapter 16 quantitative scenario language should get a dedicated claim audit	promoted	Drafted and promoted a sourced Chapter 16 opening around "speed to power," turning the datacenter evidence pack into a narrative about timing mismatch, local grid constraints, facility scale, interconnection, physical supply, and cooling while keeping forecasts and company rhetoric attributed.	one chapter-opening prose pass
2026-05-25T12:06:00+02:00	pass-0038	champion Chapter 6 alignment quote readiness	I-0038	sourcing	+2.0	100.0	11734	24	7	6	90	57 supported / 8 needs-verification; S-0074 text-render captured and quote table updated	+1	C-0044 remains active for final red-team examples, longer system-card passages, and exact model-policy wording that still need context-specific quote extraction	promoted	Captured OpenAI's instruction-following product post via a browser-independent text-render snapshot, updated the quote-safe table with short S-0074 quote candidates for GPT-3 contrast, labeler demonstrations/rankings, API default deployment, alignment tax, and limitations, and narrowed the stale HTTP 403 blocker.	one alignment source-capture pass
2026-05-25T12:42:00+02:00	pass-0039	champion Chapter 13 leaderboard methodology visual	I-0039	visuals	+2.0	100.0	11734	24	8	6	90	58 supported / 8 needs-verification; leaderboard methodology visual A-0014 added	+2	Figure explains methodology only; C-0046 still blocks price-quality charts and C-0045 caveats still require config/date labels on rank visuals	promoted	Created a sourced Arena methodology flow SVG and companion table showing how human preference votes, config/category filters, rating uncertainty, publication date, snapshot ID, and chart permission gates turn into responsible rank rows before readers see a model as "best."	one methodology-visual pass
2026-05-25T12:56:00+02:00	pass-0040	champion Chapter 7 productization quote table	I-0040	data	+2.0	100.0	11734	24	8	6	90	59 supported / 8 needs-verification; ChatGPT productization quote table added	+1	C-0010 remains active for adoption, public reception, customer-productivity, named-customer, and original Enterprise product-post quotation claims	promoted	Created a Chapter 7 quote-safe productization table that separates launch date, plan price, feature wording, availability, adoption/public reception, and customer-productivity fields for ChatGPT Plus and Enterprise so prose can use captured structural facts without smuggling blocked market or productivity claims into the narrative.	one data-table pass
2026-05-25T13:22:00+02:00	pass-0041	champion Chapter 7 source-specific claim audit	I-0041	claim_audit	+2.0	100.0	11912	24	8	6	90	60 supported / 8 needs-verification; Chapter 7 productization caveats made source-specific	+1	C-0010 remains active for adoption, public reception, customer-productivity, named-customer, and original Enterprise product-post quotation claims	promoted	Audited Chapter 7 against the I-0040 productization quote table, naming S-0078/SNAP-20260525-013 for Plus launch/price/benefits, S-0089/SNAP-20260525-014 for Enterprise release-note launch/features, S-0090 as a mutable Plus cross-check only, and S-0079 as blocked for original Enterprise/adoption/productivity claims; refilled the idea queue to five pending rows.	one claim-audit pass
2026-05-25T13:52:00+02:00	pass-0042	champion Chapter 16 power-to-token visual	I-0042	visuals	+2.0	100.0	11912	24	9	6	90	61 supported / 8 needs-verification; power-to-token visual A-0015 added	+2	C-0021/C-0047 remain active for NVIDIA performance, roadmap, partner, availability, and deployment claims; visual is not an energy-per-token estimate	promoted	Created a sourced Chapter 16 flow diagram and companion table tracing electricity demand, grid interconnection, facility/cooling constraints, accelerators, inference scheduling, and token output with scenario, advisory, engineering-gap, and NVIDIA company-framing caveat bands visible before dense quantitative prose.	one visual-table pass
2026-05-25T14:20:00+02:00	pass-0043	champion Chapter 16 quantitative claim audit	I-0043	claim_audit	+2.0	100.0	11912	24	9	6	90	62 supported / 8 needs-verification; Chapter 16 quantitative audit table added	+1	C-0021/C-0047 remain active; audit blocks energy-per-token estimates and neutral NVIDIA performance/roadmap/deployment claims	promoted	Audited Chapter 16 speed-to-power prose and the power-to-token visual into row-level permissions for TWh, MW, percentages, lead times, PUE, rack density, measured estimates, forecast/scenario ranges, advisory estimates, operator-survey signals, NVIDIA/GTC blocked claims, and explicit energy-per-token exclusions.	one claim-audit pass
2026-05-25T14:47:00+02:00	pass-0044	champion Chapter 13 caption-use note	I-0044	claim_audit	+2.0	100.0	11912	24	9	6	90	63 supported / 8 needs-verification; Chapter 13 leaderboard figure order and prohibited uses added	+1	C-0046 remains active for price-quality comparisons; A-0013 still cannot support live ranks, release status, or task-specific superiority	promoted	Created a Chapter 13 caption-and-use note pairing A-0014 methodology before A-0013 historical top-row chart, with explicit captions, narrow allowed historical dataset-slice use, and prohibited live-rank, model-release, provider price-quality, task-superiority, and generic "best model" interpretations.	one claim-audit pass
2026-05-25T15:19:00+02:00	pass-0045	champion Chapter 13 leaderboard methodology terms	I-0045	data	+2.0	100.0	11912	24	9	6	90	64 supported / 8 needs-verification; leaderboard methodology term table added	+1	C-0046 remains active; term table does not authorize live ranks, release status, task-specific superiority, safety, latency, enterprise usefulness, or generic "best model" claims	promoted	Created a reusable Chapter 13 source table for leaderboard methodology terms: vote, prompt sample, rating, confidence interval, category filter, snapshot, publication date, and release-status caveat, tying each term to source IDs, evidence handle, required labels, prohibited inferences, and related assets.	one data-table pass
2026-05-25T15:46:00+02:00	pass-0046	champion Chapter 7 interface-to-business timeline	I-0046	visuals	+2.0	100.0	11912	24	10	6	90	65 supported / 8 needs-verification; ChatGPT interface-to-business timeline A-0016 added	+2	C-0010 remains active for adoption, public reception, named-customer, revenue, customer-productivity, and original Enterprise product-post quotation claims	promoted	Created a sourced Chapter 7 chronology visual and companion table placing ChatGPT launch, Plus, plugins, Enterprise release-note entry, GPTs, and GPT-4o on one line while keeping adoption and productivity claims in an explicit blocked lane.	one visual-table pass
2026-05-25T16:08:00+02:00	pass-0047	champion Chapter 16 quantitative audit superseded check	I-0047	claim_audit	+0.0	100.0	11912	24	10	6	90	65 supported / 8 needs-verification; I-0047 rejected as superseded by I-0043	+0	C-0021/C-0047 remain active; no duplicate quantitative audit table was created	rejected	Rejected the FIFO idea as superseded after verifying that data/chapter16_quant_claim_audit_i0043.tsv already audits manuscript/16-speed-to-power.md and data/power_to_token_flow_i0042.tsv across measured estimates, forecast/scenario ranges, advisory estimates, operator signals, source caveats, prose permissions, NVIDIA/GTC blockers, and energy-per-token exclusion; evidence recorded in data/chapter16_quant_audit_i0047_superseded_assessment.tsv.	one superseded-audit pass
2026-05-25T16:34:00+02:00	pass-0048	champion Chapter 16 source-cue prose merge	I-0048	claim_audit	+2.0	100.0	11929	24	10	6	90	66 supported / 8 needs-verification; CH16Q source cues merged into speed-to-power prose	+1	C-0021/C-0047 remain active; CH16Q-018 explicitly blocks quantified energy-per-token claims	promoted	Merged the Chapter 16 quantitative audit back into manuscript/16-speed-to-power.md as compact row-specific CH16Q cues for exact TWh, MW, percentage, lead-time, PUE, rack-density, NVIDIA/GTC, and energy-per-token-exclusion language, refreshing the champion marker without duplicating caveats.	one claim-audit prose-merge pass
2026-05-25T17:02:00+02:00	pass-0049	champion Chapter 13 methodology glossary supplement	I-0049	data	+2.0	100.0	11929	24	10	6	90	67 supported / 8 needs-verification; Chapter 13 methodology glossary supplement added	+1	C-0046 remains active; glossary does not authorize live ranks, release status, price-quality, task superiority, safety, latency, enterprise usefulness, or generic "best model" claims	promoted	Created a Chapter 13 methodology glossary supplement converting the I-0044 caption-use note into reusable definitions for vote, config, split, category, rating, confidence interval, publication date, snapshot, and permission gate while reusing I-0045 rows where already covered.	one data-table pass
2026-05-25T17:31:00+02:00	pass-0050	champion Chapter 13 rank-row footnote microstyle	I-0050	claim_audit	+2.0	100.0	11929	24	10	6	90	68 supported / 8 needs-verification; Chapter 13 rank-row microstyle guide added	+1	C-0046 remains active; microstyle blocks live ranks, clear-winner language, release-status evidence, price-quality claims, task superiority, safety, latency, enterprise usefulness, and generic "best model" prose	promoted	Created a rank-row footnote microstyle guide for A-0013/A-0014 that standardizes historical-slice labels, config/split/category wording, confidence-overlap language, non-live rank labels, release-status caveats, price-quality blocks, task-superiority blocks, and methodology-before-rank order.	one claim-audit microstyle pass
2026-05-25T17:58:00+02:00	pass-0051	champion Chapter 7 ChatGPT adoption/reception gap table	I-0051	claim_audit	+2.0	100.0	11929	24	10	6	90	69 supported / 8 needs-verification; C-0010 decomposed into ten Chapter 7 gap rows	+1	C-0010 remains active; new table blocks adoption, public reception, named-customer, revenue, productivity, ecosystem-success, GPT-4o impact, and business-urgency prose until cutoff-bounded source rows exist	promoted	Created a Chapter 7 source-gap table that separates launch adoption/user growth, early reception, Plus subscriber/revenue, Enterprise named-customer, Enterprise productivity, Plus feedback language, original Enterprise product-post quotation, plugins/GPTs ecosystem adoption, GPT-4o reception/free-user impact, and Microsoft/OpenAI urgency into primary-source candidates, secondary triangulation needs, exact-quote blockers, prohibited prose, allowed current prose, and next actions.	one claim-audit source-gap pass
2026-05-25T18:21:00+02:00	pass-0052	champion Chapter 16 source-cue plan superseded check	I-0052	claim_audit	+0.0	100.0	11929	24	10	6	90	69 supported / 8 needs-verification; I-0052 rejected as superseded by I-0048	+0	C-0021/C-0047 remain active; no duplicate pre-merge source-cue plan was created	rejected	Rejected the FIFO idea as superseded after verifying that promoted pass I-0048 already merged CH16Q-001 through CH16Q-018 into manuscript/16-speed-to-power.md as compact row-specific source cues, while data/chapter16_quant_claim_audit_i0043.tsv preserves the row permissions and data/chapter16_source_cue_plan_i0052_superseded_assessment.tsv records the coverage map.	one superseded-audit pass
2026-05-25T18:49:00+02:00	pass-0053	champion Chapter 16 source-cue readability audit	I-0053	prose	+1.0	100.0	11929	24	10	6	90	70 supported / 8 needs-verification; Chapter 16 cue clutter trimmed without dropping CH16Q IDs	+1	C-0021/C-0047 remain active; CH16Q-017 and CH16Q-018 still block neutral NVIDIA/GTC and energy-per-token claims	promoted	Audited the Chapter 16 CH16Q cue merge for readability, compacted adjacent source-only brackets in the opening and closing paragraphs, preserved every CH16Q-001 through CH16Q-018 row ID inline, and recorded which dense cue clusters should stay until a final note system can preserve exact row-level permission.	one prose-readability audit pass
2026-05-25T19:16:00+02:00	pass-0054	champion Chapter 13 final caption microcopy	I-0054	claim_audit	+2.0	100.0	11929	24	10	6	90	71 supported / 8 needs-verification; Chapter 13 final caption microcopy added for A-0013/A-0014	+1	C-0046 remains active; captions block live ranks, release-status proof, price-quality, task superiority, safety, latency, enterprise usefulness, and broad best-model prose	promoted	Created a final caption microcopy table for the Chapter 13 leaderboard methodology figure and historical rank chart, with full captions, short captions, shared footnotes, paired sequence wording, prose-transition language, and prohibited caption language using the I-0045/I-0049 glossary and I-0050 rank-row microstyle.	one caption microcopy pass
2026-05-25T19:43:00+02:00	pass-0055	champion Chapter 13 appendix placement note	I-0055	claim_audit	+2.0	100.0	11929	24	10	6	90	72 supported / 8 needs-verification; Chapter 13 appendix placement sequence added	+1	C-0046 remains active; appendix order keeps methodology, glossary, footnote, prohibited-use note, and price-quality handoff before any broad rank inference	promoted	Created a Chapter 13 appendix placement note that orders the orientation paragraph, condensed glossary, A-0014 methodology figure, narrow transition, A-0013 historical chart, shared chart footnote, prohibited-use note, and price-quality handoff so methodology and permission gates precede rank rows.	one appendix placement pass
2026-05-25T20:18:00+02:00	pass-0056	champion Chapter 7 ChatGPT adoption/reception source candidates	I-0056	sourcing	+2.0	100.0	11929	24	10	6	94	73 supported / 8 needs-verification; ChatGPT adoption/reception candidate source pack added	+1	C-0010 remains active; identified candidates require local/archive capture, source-chain normalization, quote limits, and triangulation before adoption, reception, named-customer, productivity, or fastest-growing prose	promoted	Identified cutoff-compatible source candidates for high-priority C-0010 rows: Reuters/UBS/Similarweb adoption-growth reporting, Sam Altman's one-million-user post, Meta Stack Overflow's policy response, Chalkbeat's NYC schools reporting, and the existing OpenAI Enterprise post for Enterprise uptake/productivity/original-quote lanes, while keeping all quantitative prose blocked.	one sourcing candidate-pack pass
2026-05-25T20:44:00+02:00	pass-0057	champion Chapter 16 cue-density rule	I-0057	claim_audit	+1.0	100.0	11929	24	10	6	94	74 supported / 8 needs-verification; Chapter 16 cue-density rule added	+1	C-0021/C-0047 remain active; CH16Q-017 and CH16Q-018 must stay sentence-visible until a final-note prototype proves blockers and exclusions survive layout cleanup	promoted	Created a Chapter 16 cue-density rule that keeps CH16Q IDs inline for exact quantities, forecasts, advisory estimates, operator-survey signals, NVIDIA/GTC blockers, and energy-per-token exclusions; allows only source-only brackets to collapse freely; and marks the dense LBNL/DOE paragraph as the first sidenote/endnote test case.	one claim-control layout-rule pass
2026-05-25T21:11:00+02:00	pass-0058	champion Chapter 16 final-note prototype	I-0058	design	+1.0	100.0	11929	24	10	6	94	75 supported / 8 needs-verification; Chapter 16 final-note prototype added	+1	C-0021/C-0047 remain active; prototype accepts only CH16Q-003 through CH16Q-006 for a note move and rejects note-only treatment for CH16Q-017/CH16Q-018 blockers	promoted	Created a Chapter 16 final-note prototype that replaces the dense U.S. LBNL/DOE inline cue clusters with one N16-1 note candidate while preserving measured-versus-scenario mapping, and explicitly keeps NVIDIA/GTC blocker and energy-per-token exclusion row IDs inline.	one final-note prototype pass
2026-05-25T13:32:00+02:00	pass-0059	champion Chapter 13 caption integration	I-0059	claim_audit	+1.0	100.0	26670	24	10	6	94	75 supported / 8 needs-verification; Chapter 13 final caption microcopy integrated into appendix draft	+1	C-0046 remains active; integration blocks live-rank, release-status, price-quality, task-superiority, safety, latency, enterprise-usefulness, and generic best-model readings	promoted	Applied the I-0054/I-0055 reading sequence directly to manuscript/13-model-rankings-appendix.md: orientation, condensed glossary, A-0014 methodology caption, narrow transition, A-0013 historical-slice caption, shared footnote, prohibited-use note, and price-quality handoff rule, with data/leaderboard_appendix_integration_i0059.tsv recording each order check.	one appendix integration pass
2026-05-25T13:35:00+02:00	pass-0060	champion Chapter 13 appendix integration superseded check	I-0060	claim_audit	+0.0	100.0	26670	24	10	6	94	75 supported / 8 needs-verification; I-0060 rejected as superseded by I-0059	+0	C-0046 remains active; no duplicate appendix integration patch was created	rejected	Rejected the FIFO idea as superseded after verifying that promoted pass I-0059 already inserted the I-0055 reading sequence into manuscript/13-model-rankings-appendix.md without duplicating earlier source-package caveats; data/chapter13_appendix_i0060_superseded_assessment.tsv records the coverage map and points the next useful move to I-0064 layout QA.	one superseded-audit pass
2026-05-25T13:43:00+02:00	pass-0061	champion Chapter 7 adoption/reception snapshots	I-0061	sourcing	+2.0	100.0	26859	24	10	6	95	76 supported / 8 needs-verification; ChatGPT adoption/reception snapshots SNAP-20260525-017 through SNAP-20260525-021 added	+2	C-0010 remains active; snapshots do not yet authorize 100M MAU, fastest-growing, one-million-user, broad public-reception, named-customer, or productivity prose	promoted	Captured local/archive evidence handles for the I-0056 Chapter 7 source candidates: Reuters/archive for UBS/Similarweb adoption reporting, X app-shell and Tech Startups secondary embed for the Altman one-million-user post, Meta Stack Overflow's generative-AI policy page, and Chalkbeat's NYC schools report; added S-0095 and C-0084 while preserving normalization and triangulation blockers.	one source-capture pass
2026-05-25T13:47:00+02:00	pass-0062	champion Chapter 16 note acceptance checklist	I-0062	design	+1.0	100.0	27072	24	10	6	95	77 supported / 8 needs-verification; Chapter 16 note-prototype acceptance checklist added	+1	C-0021/C-0047 remain active; checklist does not move CH16Q IDs or authorize note-only treatment for NVIDIA/GTC blocker or energy-per-token exclusion	promoted	Created a Chapter 16 acceptance checklist for the I-0058 N16-1 note prototype: only CH16Q-003 through CH16Q-006 may move in the first layout test, each measured/scenario mapping must remain separate and near the paragraph, CH16Q-017 and CH16Q-018 must remain inline, and new exact quantities require successor CH16Q rows.	one note-acceptance checklist pass
2026-05-25T13:53:00+02:00	pass-0063	champion Chapter 16 N16-1 note layout mock	I-0063	design	+1.0	100.0	27191	24	11	6	95	78 supported / 8 needs-verification; Chapter 16 N16-1 single-page mock A-0017 added	+2	C-0021/C-0047 remain active; mock passes as design evidence only and does not authorize live prose/PDF merge	promoted	Created a lightweight single-page SVG mock showing N16-1 as a same-page sidenote for CH16Q-003 through CH16Q-006 while leaving CH16Q-017 and CH16Q-018 inline, recorded A-0017 in the asset manifest, and checked every I-0062 acceptance row in data/chapter16_note_layout_acceptance_i0063.tsv.	one layout-mock pass
2026-05-25T13:58:00+02:00	pass-0064	champion Chapter 13 layout QA checklist	I-0064	design	+1.0	100.0	27396	24	11	6	95	79 supported / 8 needs-verification; Chapter 13 leaderboard appendix layout QA checklist added	+1	C-0046 remains active; checklist catches duplicate heading flow and blocks live-rank, release-status, price-quality, task-superiority, safety, latency, enterprise-usefulness, and best-model readings	promoted	Created a Chapter 13 pre-render QA checklist for the integrated leaderboard appendix covering heading flow, A-0014-before-A-0013 order, glossary placement, caption length and scope, shared-footnote proximity, prohibited-use visibility, price-quality divider, no-live-rank language, asset legibility, source/provenance visibility, and no new rank/price claims without permission rows.	one layout-QA checklist pass
2026-05-25T14:04:56+02:00	pass-0065	champion Chapter 7 ChatGPT source normalization	I-0065	data	+1.0	100.0	27569	24	11	6	95	80 supported / 8 needs-verification; ChatGPT adoption/reception source-normalization table added	+1	C-0010 remains active; normalization blocks adoption counts, fastest-growing, broad reception, Enterprise uptake, productivity, and original Enterprise quotations until source-chain and quote-readiness blockers close	promoted	Created a C-0010 source-normalization table for Reuters/UBS/Similarweb, Altman/X, Stack Overflow, Chalkbeat, and Enterprise source lanes, separating primary-vs-secondary status, archive/local handles, exact quote allowance, metric scope, triangulation state, allowed next use, prohibited prose, and remaining blocker.	one data-normalization pass
2026-05-25T14:09:24+02:00	pass-0066	champion Chapter 7 reception chronology	I-0066	data	+1.0	100.0	27717	24	11	6	97	81 supported / 8 needs-verification; Chapter 7 named-institution reception chronology added	+1	C-0010 remains active; chronology blocks broad public-reception, schools-panicked, boardroom-panic, and universal workplace-policy prose until broader captured evidence exists	promoted	Created a Chapter 7 reception chronology with Stack Overflow, NYC schools, Seattle Public Schools, and JPMorgan Chase as named institutional response rows, adding S-0096 and S-0097 as web-reader source handles while keeping exact quotes and final prose blocked until local/archive capture.	one reception-chronology data pass
2026-05-25T14:15:52+02:00	pass-0067	champion Chapter 7 adoption-count audit	I-0067	claim_audit	+1.0	100.0	27888	24	11	6	98	82 supported / 8 needs-verification; ChatGPT adoption-count metric audit added	+1	C-0010 remains active; audit blocks merging users, monthly active users, daily unique visitors, registered users, and fastest-growing comparisons into one adoption claim	promoted	Created an adoption-count audit separating Altman's Dec. 5 one-million-users post from Reuters/UBS/Similarweb 100M MAU, 13M daily unique visitors, and fastest-growing comparison lanes; upgraded S-0092 to quote-ready with app-shell caveat and added S-0098 as a text-readable Reuters mirror handle requiring local/source-chain capture.	one adoption-count claim-audit pass
2026-05-25T14:20:31+02:00	pass-0068	champion Chapter 16 N16-1 production-layout gate	I-0068	design	+1.0	100.0	28018	24	11	6	98	83 supported / 8 needs-verification; Chapter 16 N16-1 production render gate added	+1	C-0021/C-0047 remain active; gate does not move CH16Q IDs or authorize live prose merge until same-page, proximity, collision, line-length, blocker-visibility, and A/B render checks pass	promoted	Created a production-layout gate for N16-1 with exact render/PDF checks for page break, sidenote proximity, line length, note collision, four-row mapping integrity, inline CH16Q-017/CH16Q-018 visibility, operator-signal stability, no new quantitative claims, and reversible parent/candidate comparison.	one production-layout gate pass
2026-05-25T14:29:41+02:00	pass-0069	champion Chapter 13 leaderboard appendix pre-render heading fix	I-0069	design	+1.0	100.0	28201	24	11	6	98	84 supported / 8 needs-verification; Chapter 13 duplicate heading-flow fix added	+1	C-0046 remains active; heading fix does not authorize live-rank, release-status, price-quality, task-superiority, safety, latency, enterprise-usefulness, or broad best-model readings	promoted	Removed the duplicate `Ranking Sources To Use` heading before the integrated leaderboard sequence, kept `Leaderboard Reading Sequence` as its own section and the remaining source-heading before LMArena/source subsections, and recorded a pre-render fix table proving I-0059 order and I-0064 QA gates remain intact.	one pre-render heading-flow fix pass
2026-05-25T14:36:00+02:00	pass-0070	champion Chapter 7 Enterprise evidence recovery plan	I-0070	sourcing	+1.0	100.0	28471	24	11	6	101	85 supported / 8 needs-verification; ChatGPT Enterprise recovery plan and candidate source lanes added	+2	C-0010 remains active; S-0079 original-post quotations, Fortune 500 uptake, named-customer adoption, and productivity outcomes remain blocked until local capture and customer-side/independent corroboration	promoted	Created a Chapter 7 Enterprise evidence recovery plan after web search found the current S-0079 official page readable and candidate customer-side/triangulation lanes in Moderna/OpenAI, PwC, and Constellation; added S-0099 through S-0101 while preserving a prose permission ladder that allows only S-0089 structural launch/features today.	one Enterprise source-recovery planning pass
2026-05-25T14:40:56+02:00	pass-0071	champion Chapter 7 Axios reception snapshots	I-0071	sourcing	+1.0	100.0	28627	24	11	6	101	86 supported / 8 needs-verification; Axios Seattle and JPMorgan local text-render snapshots added	+1	C-0010 remains active; S-0096/S-0097 support only named Seattle Public Schools and JPMorgan Chase examples, not public-reception totals, national school panic, broad company bans, boardroom panic, or specific incident claims	promoted	Captured local text-render snapshots SNAP-20260525-022 and SNAP-20260525-023 for Axios Seattle and Axios JPMorgan reception handles, updated the chronology rows from web handles to local snapshot paths, and extracted quote-safe scope rows with explicit blocked generalizations.	one institutional-reception source-capture pass
2026-05-25T14:46:40+02:00	pass-0072	champion Chapter 7 adoption source-chain capture	I-0072	sourcing	+1.0	100.0	28824	24	11	6	102	87 supported / 8 needs-verification; Reuters mirror and Similarweb corroboration snapshots added	+2	C-0010 remains active for any adoption prose that drops Reuters/UBS/Similarweb attribution, merges users/MAU/daily-unique/visits, or states a narrator-certified fastest-growing-app claim	promoted	Captured SNAP-20260525-024 for the text-readable Reuters/Investing mirror and SNAP-20260525-025 for a Similarweb-authored iTWire corroboration lane, updated the adoption audit rows, and created a source-chain table that permits only attributed Chapter 7 adoption prose with metric labels preserved.	one adoption source-chain capture pass
2026-05-25T14:52:08+02:00	pass-0073	champion Chapter 16 N16-1 mock-level render comparison	I-0073	design	+1.0	100.0	28962	24	12	6	102	88 supported / 8 needs-verification; Chapter 16 parent/candidate render comparison added	+1	C-0021/C-0047 remain active; N16-1 does not move into live prose because evidence is SVG/mock-level, not production PDF/page-image proof with final page breaks, fonts, collisions, and text extraction	promoted	Created A-0018 parent inline-cue render, compared it against A-0017 N16-1 candidate mock across the I-0068 production gates, and recorded that mapping/blocker visibility pass at mock level while production-PDF gates remain unmet.	one mock-level render comparison pass
2026-05-25T14:58:07+02:00	pass-0074	champion Chapter 13 leaderboard render-readiness QA	I-0074	design	+1.0	100.0	29105	24	12	6	102	89 supported / 8 needs-verification; Chapter 13 leaderboard render-readiness QA added	+1	C-0046 remains active; PDF promotion remains blocked because no real page/spread render proves footnote proximity, prohibited-use visibility, source labels, final-size legibility, or text extraction	promoted	Verified the post-I-0069 Chapter 13 appendix order at text/preflight level, including A-0014 before A-0013, glossary before methodology, source/provenance handles, prohibited-use guardrail, and SVG dimension legibility, while preserving a hard blocker for production PDF approval.	one leaderboard render-readiness QA pass
2026-05-25T15:04:40+02:00	pass-0075	champion Chapter 7 Enterprise original-post capture	I-0075	sourcing	+1.0	100.0	29235	24	12	6	102	90 supported / 8 needs-verification; S-0079 Enterprise original-post text-render and quote-safe rows added	+2	C-0010 remains active; S-0079 still cannot support paid Enterprise adoption, neutral named-customer deployment, or productivity outcomes without customer-side or independent corroboration	promoted	Captured SNAP-20260525-026 for the official OpenAI ChatGPT Enterprise product post through the established text-render route, upgraded S-0079 from original-post quote blocker to quote-ready with renderer/vendor caveats, and split launch features, Fortune 500 registered-account definition, early-user list, and customer testimonials into row-level permissions.	one Enterprise original-post source-capture pass
2026-05-25T15:15:45+02:00	pass-0076	champion Chapter 7 Stack Overflow policy quote precision	I-0076	claim_audit	+1.0	100.0	29374	24	12	6	102	91 supported / 8 needs-verification; S-0093 original/current policy rows added	+2	C-0010 remains active for broad public-reception, all-developers, all-workplaces, or panic generalizations; current generative-AI policy wording must not be backdated to Dec. 5, 2022	promoted	Captured S-0093 revision pages and raw revision 1 source, split the original Dec. 5 temporary ChatGPT-generated-posts policy from later/current generative-AI policy text, and upgraded the Stack Overflow chronology row to quote-ready for one scoped developer-community moderation example.	one Stack Overflow policy quote-precision pass
2026-05-25T15:21:53+02:00	pass-0077	champion Chapter 7 attributed adoption paragraph	I-0077	prose	+1.0	100.0	29560	24	12	6	102	92 supported / 8 needs-verification; cautious ChatGPT adoption paragraph drafted	+1	C-0010 remains active; paragraph is a candidate block only and excludes fastest-growing-app, OpenAI-confirmed adoption, registered-user, total-visit, and metric-merged claims	promoted	Drafted one Chapter 7 adoption paragraph that preserves Altman's undefined one-million-users milestone, Reuters/UBS/Similarweb's January 2023 MAU estimate, and daily unique visitors as separate lanes, while leaving the fastest-growing superlative out until stronger same-scope source evidence exists.	one attributed adoption prose pass
2026-05-25T15:32:56+02:00	pass-0078	champion Chapter 16 N16-1 production-text PDF render QA	I-0078	design	+1.0	100.0	29681	24	12	6	102	93 supported / 8 needs-verification; N16-1 PDF/page-image QA passed	+1	C-0021/C-0047 remain active; live Chapter 16 prose is still unchanged until a narrow integration pass reruns the same render gate in final style	promoted	Ran a reproducible PyMuPDF parent/candidate Chapter 16 render with ignored PDFs, 2x page PNGs, and text extraction; the candidate passed same-page N16-1 placement, CH16Q-003 through CH16Q-006 mapping integrity, inline CH16Q-017/CH16Q-018 blocker visibility, operator-signal visibility, no-new-quant, and parent/candidate reversibility for the current production-text layout.	one production-text PDF QA pass
2026-05-25T15:42:51+02:00	pass-0079	champion Chapter 13 leaderboard PDF render QA	I-0079	design	+1.0	100.0	29784	24	12	6	102	94 supported / 8 needs-verification; Chapter 13 leaderboard spread render passed	+1	C-0046 remains active; this approves a production-text/page-image evidence package, not a final full-book PDF or any live/current/best/price-quality rank claim	promoted	Ran a reproducible PyMuPDF Chapter 13 leaderboard spread render using style-inlined A-0014 and A-0013 SVG assets, ignored PDF/PNG/text outputs, and extracted text checks; the spread passed methodology-before-rank order, glossary-before-methodology, same-page A-0013 footnote, prohibited-use visibility, C-0046 price-quality divider, provenance labels, legibility caveats, and no-new-rank-claim gates.	one leaderboard PDF/page-image QA pass
2026-05-25T15:49:01+02:00	pass-0080	champion Chapter 7 PwC Enterprise customer-side rows	I-0080	sourcing	+1.0	100.0	29912	24	12	6	102	95 supported / 8 needs-verification; S-0100 PwC customer-side Enterprise rows added	+1	C-0010 remains active; S-0100 supports only PwC-attributed agreement/reseller/workforce-access/use-case/client-service framing, not neutral OpenAI-wide Enterprise adoption, paid seats, active usage, client adoption, or measured productivity outcomes	promoted	Captured PwC's May 29 2024 ChatGPT Enterprise press release through web-reader line notes, upgraded S-0100 from identified to available_web_reader, and extracted quote-safe rows for source role, agreement/reseller/largest-user framing, US/UK workforce access, internal custom-GPT examples, client-service/account-engagement positioning, and investment/internal-transformation context.	one PwC customer-side source-capture pass
2026-05-25T15:54:18+02:00	pass-0081	champion Chapter 7 institutional reception candidate paragraph	I-0081	prose	+1.0	100.0	30158	24	12	6	102	96 supported / 8 needs-verification; scoped institutional-reception paragraph drafted	+1	C-0010 remains active; paragraph is a candidate block only and excludes public-panic, all-developers, all-schools, broad workplace-ban, permanent-ban, specific-incident, and quantified-reception claims	promoted	Drafted one Chapter 7 candidate paragraph that sequences Stack Overflow's Dec. 5 temporary ChatGPT-generated-post policy, NYC and Seattle school access controls, and JPMorgan's third-party-software restriction as named institutional control problems rather than broad public sentiment.	one scoped reception prose pass
2026-05-25T16:00:46+02:00	pass-0082	champion Chapter 7 attributed adoption live integration	I-0082	prose	+1.0	100.0	30300	24	12	6	102	97 supported / 8 needs-verification; adoption paragraph integrated into live Chapter 7	+1	C-0010 remains active for public reception, fastest-growing-app superlatives, OpenAI-confirmed adoption, paid users, revenue, named customers, and productivity claims	promoted	Integrated the I-0077 adoption paragraph into live Chapter 7 with compact S-0092, S-0098, and S-0102 cues; verified users, monthly active users, registered accounts, repeat visitors, and daily unique visitors remain distinct, Reuters/UBS/Similarweb attribution survives, OpenAI telemetry is explicitly excluded, and Chapter 7 source density is 2758 words / 15 cues.	one live Chapter 7 adoption prose integration pass
2026-05-25T16:09:19+02:00	pass-0083	champion Chapter 16 N16-1 live integration	I-0083	prose	+1.0	100.0	30411	24	12	6	102	98 supported / 8 needs-verification; N16-1 live Chapter 16 gate passed	+1	C-0021/C-0047 remain active; N16-1 applies only to CH16Q-003 through CH16Q-006 and does not authorize moving CH16Q-017, CH16Q-018, CH16Q-015, or CH16Q-016 out of inline prose	promoted	Integrated N16-1 into only the LBNL/DOE paragraph in live Chapter 16, updated the render gate for the live proof, reran scripts/render_chapter16_n16_gate.py, and passed all ten same-page, mapping-integrity, inline-blocker, operator-signal, no-new-quant, and reversibility rows.	one narrow Chapter 16 live-prose/render-gate pass
2026-05-25T16:18:44+02:00	pass-0084	champion Chapter 13/16 render smoke gates	I-0084	design	+1.0	100.0	30411	24	12	6	102	99 supported / 8 needs-verification; render smoke checks added to Chapter 13 and 16 gates	+1	Smoke thresholds are page-specific and do not replace human visual QA; Chapter 16 placeholder figure is checked for blank/black/monochrome failure rather than full-color chart richness	promoted	Added scripts/render_smoke.py and wired both Chapter 13 and Chapter 16 render gates to append RENDER-SMOKE rows for required guardrail text, blank/black/monochrome or low-color page images, and large unignored rendered artifacts; reran both scripts with Chapter 13 passing 14 rows plus 2 caveated rows and Chapter 16 passing 12 rows plus 1 caveated and 1 scope-limited row.	one shared render QA robustness pass
2026-05-25T16:24:46+02:00	pass-0085	champion Chapter 7 PwC Enterprise corroboration rows	I-0085	sourcing	+1.0	100.0	30527	24	12	6	103	100 supported / 8 needs-verification; S-0103 TechCrunch/OpenAI-side corroboration added	+2	C-0010 remains active; S-0103 upgrades only attributed first-reseller/largest-customer framing and 100000-user coverage/access scale, not pricing, revenue, active usage, paid seats, global rollout, client adoption, or productivity outcomes	promoted	Captured TechCrunch's May 29 2024 PwC/OpenAI report as S-0103/SNAP-20260525-031, extracted rows showing independent reporting and OpenAI alliances executive corroboration for PwC as OpenAI's largest customer and first ChatGPT Enterprise reselling partner, and preserved explicit blockers for pricing, revenue, active usage, paid seats, productivity, and global rollout.	one Enterprise corroboration source-pack pass
2026-05-25T16:30:18+02:00	pass-0086	champion Chapter 7 institutional reception live integration	I-0086	prose	+1.0	100.0	30728	24	12	6	103	101 supported / 8 needs-verification; institutional reception paragraph integrated into live Chapter 7	+1	C-0010 remains active; paragraph is scoped to Stack Overflow, NYC schools, Seattle schools, and JPMorgan and explicitly blocks public panic, all-developer, all-school, broad workplace-ban, permanent-ban, specific-incident, and quantified-reception claims	promoted	Integrated the I-0081 reception paragraph into live Chapter 7 with compact S-0093, S-0094, S-0096, and S-0097 cues, preserved the negative-control sentence, and verified Chapter 7 source density at 2959 words / 18 cues.	one live Chapter 7 reception prose integration pass
2026-05-25T16:42:51+02:00	pass-0087	champion Chapter 7 source-density/readability audit	I-0087	claim_audit	+1.0	100.0	30728	24	12	6	103	102 supported / 8 needs-verification; Chapter 7 readability audit added	+1	C-0010 remains active; audit does not authorize removing adoption metric firewalls, reception negative-control wording, or Enterprise pricing/revenue/usage/productivity blockers	promoted	Audited live Chapter 7 after I-0082 and I-0086: body source density is healthy at 2837 words / 18 cue brackets / 157.6 words per cue, but the opening source note is over-concentrated and S-0079 Enterprise wording is stale after I-0075. Recorded a row-level cleanup map that keeps adoption, reception, and Enterprise blocker families distinct for the next prose pass.	one Chapter 7 source-density/readability audit pass
2026-05-25T16:46:59+02:00	pass-0088	champion Chapter 16 note-system transfer audit	I-0088	claim_audit	+1.0	100.0	30728	24	12	6	103	103 supported / 8 needs-verification; Chapter 16 note-transfer audit added	+1	C-0021/C-0047 remain active; audit does not authorize moving CH16Q-015/016, CH16Q-017, or CH16Q-018 out of inline prose	promoted	Audited N16-1 transfer after the live Chapter 16 render gate: N16-1 is reusable only for same-family measured/scenario clusters with same-page mapping proof, while CH16Q-015/016 need a separate operator-survey N16-3 prototype and CH16Q-017/018 remain inline NVIDIA/GTC and energy-per-token guardrails.	one Chapter 16 note-system transfer audit pass
